13567;30;0.2934;0.09419999;0;0.9521298;Fora Ponta
13566;30;0.3084;0.0963;0;0.95454604;Fora Ponta
13565;30;0.30929999;0.09599999;0;0.95505509;Fora Ponta
13564;30;0.3126;0.09749999;0;0.95464285;Fora Ponta
13563;30;0.3105;0.0933;0;0.95769885;Fora Ponta
13562;30;0.31559999;0.0909;0;0.96093578;Fora Ponta
13561;30;0.3306;0.09899999;0;0.95796971;Fora Ponta
13560;30;0.32939999;0.09689999;0;0.95935158;Fora Ponta
13559;30;0.3267;0.09689999;0;0.95871814;Fora Ponta
13558;30;0.3339;0.10049999;0;0.95756541;Fora Ponta
13557;30;0.34049999;0.1014;0;0.95840534;Fora Ponta
13556;30;0.34199999;0.10139999;0;0.95874719;Fora Ponta
13555;30;0.35009999;0.10289999;0;0.95941784;Fora Ponta
13554;30;0.35549999;0.11069999;0;0.95478056;Fora Ponta
13553;30;0.35669999;0.10919999;0;0.95619536;Fora Ponta
13552;30;0.366;0.11189999;0;0.95630287;Ponta
13551;30;0.37049999;0.11249999;0;0.95686134;Ponta
13550;30;0.36779999;0.10769999;0;0.95970136;Ponta
13549;30;0.37529999;0.11249999;0;0.95788948;Ponta
13548;30;0.3762;0.1074;0;0.96158179;Ponta
13547;30;0.38699999;0.1119;0;0.96064796;Ponta
13546;30;0.3873;0.11009999;0;0.9618886;Ponta
13545;30;0.39479999;0.11669999;0;0.95898169;Ponta
13544;30;0.4062;0.126;0;0.95510544;Ponta
13543;30;0.42269999;0.1251;0;0.95888731;Ponta
13542;30;0.43799999;0.13169999;0;0.95764556;Ponta
13541;30;0.4503;0.132;0;0.95961961;Ponta
13540;30;0.48059999;0.1431;0;0.95841702;Fora Ponta
13539;30;0.51869999;0.15539999;0;0.95793296;Fora Ponta
13538;30;0.51059999;0.1503;0;0.95930265;Fora Ponta
13537;30;0.53429999;0.15209999;0;0.96178841;Fora Ponta
13536;30;0.54089999;0.1533;0;0.96210573;Fora Ponta
13535;30;0.57209999;0.1644;0;0.96110442;Fora Ponta
13534;30;-;-;-;-;-
13533;30;-;-;-;-;-
13532;30;-;-;-;-;-
13531;30;-;-;-;-;-
13530;30;-;-;-;-;-
13529;30;-;-;-;-;-
13528;30;-;-;-;-;-
13527;30;-;-;-;-;-
13526;30;-;-;-;-;-
13525;30;-;-;-;-;-
13524;30;-;-;-;-;-
13523;30;-;-;-;-;-
13522;30;-;-;-;-;-
13521;30;-;-;-;-;-
13520;30;-;-;-;-;-
13519;30;-;-;-;-;-
13518;30;-;-;-;-;-
13517;30;-;-;-;-;-
13516;30;-;-;-;-;-
13515;30;-;-;-;-;-
13514;30;-;-;-;-;-
13513;30;-;-;-;-;-
13512;30;-;-;-;-;-
13511;30;-;-;-;-;-
13510;30;-;-;-;-;-
13509;30;-;-;-;-;-
13508;30;-;-;-;-;-
13507;30;-;-;-;-;-
13506;30;-;-;-;-;-
13505;30;-;-;-;-;-
13504;30;-;-;-;-;-
13503;30;-;-;-;-;-
13502;30;-;-;-;-;-
13501;30;-;-;-;-;-
13500;30;-;-;-;-;-
13499;30;-;-;-;-;-
13498;30;-;-;-;-;-
13497;30;-;-;-;-;-
13496;30;-;-;-;-;-
13495;30;-;-;-;-;-
13494;30;-;-;-;-;-
13493;30;-;-;-;-;-
13492;30;-;-;-;-;-
13491;30;-;-;-;-;-
13490;30;-;-;-;-;-
13489;30;-;-;-;-;-
13488;30;-;-;-;-;-
13487;30;-;-;-;-;-
13486;30;-;-;-;-;-
13485;30;-;-;-;-;-
13484;30;-;-;-;-;-
13483;30;-;-;-;-;-
13482;30;-;-;-;-;-
13481;30;-;-;-;-;-
13480;30;-;-;-;-;-
13479;30;-;-;-;-;-
13478;30;-;-;-;-;-
13477;30;-;-;-;-;-
13476;30;-;-;-;-;-
13475;30;-;-;-;-;-
13474;30;-;-;-;-;-
13473;30;-;-;-;-;-
13472;30;-;-;-;-;-
13471;29;-;-;-;-;-
13470;29;-;-;-;-;-
13469;29;-;-;-;-;-
13468;29;-;-;-;-;-
13467;29;-;-;-;-;-
13466;29;-;-;-;-;-
13465;29;-;-;-;-;-
13464;29;-;-;-;-;-
13463;29;-;-;-;-;-
13462;29;-;-;-;-;-
13461;29;-;-;-;-;-
13460;29;-;-;-;-;-
13459;29;-;-;-;-;-
13458;29;-;-;-;-;-
13457;29;-;-;-;-;-
13456;29;-;-;-;-;-
13455;29;-;-;-;-;-
13454;29;-;-;-;-;-
13453;29;-;-;-;-;-
13452;29;-;-;-;-;-
13451;29;-;-;-;-;-
13450;29;-;-;-;-;-
13449;29;-;-;-;-;-
13448;29;-;-;-;-;-
13447;29;-;-;-;-;-
13446;29;-;-;-;-;-
13445;29;-;-;-;-;-
13444;29;-;-;-;-;-
13443;29;-;-;-;-;-
13442;29;-;-;-;-;-
13441;29;-;-;-;-;-
13440;29;-;-;-;-;-
13439;29;-;-;-;-;-
13438;29;-;-;-;-;-
13437;29;-;-;-;-;-
13436;29;-;-;-;-;-
13435;29;-;-;-;-;-
13434;29;-;-;-;-;-
13433;29;-;-;-;-;-
13432;29;-;-;-;-;-
13431;29;-;-;-;-;-
13430;29;-;-;-;-;-
13429;29;-;-;-;-;-
13428;29;-;-;-;-;-
13427;29;-;-;-;-;-
13426;29;-;-;-;-;-
13425;29;-;-;-;-;-
13424;29;-;-;-;-;-
13423;29;-;-;-;-;-
13422;29;-;-;-;-;-
13421;29;-;-;-;-;-
13420;29;-;-;-;-;-
13419;29;-;-;-;-;-
13418;29;-;-;-;-;-
13417;29;-;-;-;-;-
13416;29;-;-;-;-;-
13415;29;-;-;-;-;-
13414;29;-;-;-;-;-
13413;29;-;-;-;-;-
13412;29;-;-;-;-;-
13411;29;-;-;-;-;-
13410;29;-;-;-;-;-
13409;29;-;-;-;-;-
13408;29;-;-;-;-;-
13407;29;-;-;-;-;-
13406;29;-;-;-;-;-
13405;29;-;-;-;-;-
13404;29;-;-;-;-;-
13403;29;-;-;-;-;-
13402;29;-;-;-;-;-
13401;29;-;-;-;-;-
13400;29;-;-;-;-;-
13399;29;-;-;-;-;-
13398;29;-;-;-;-;-
13397;29;-;-;-;-;-
13396;29;-;-;-;-;-
13395;29;-;-;-;-;-
13394;29;-;-;-;-;-
13393;29;-;-;-;-;-
13392;29;-;-;-;-;-
13391;29;-;-;-;-;-
13390;29;-;-;-;-;-
13389;29;-;-;-;-;-
13388;29;-;-;-;-;-
13387;29;-;-;-;-;-
13386;29;-;-;-;-;-
13385;29;-;-;-;-;-
13384;29;-;-;-;-;-
13383;29;-;-;-;-;-
13382;29;-;-;-;-;-
13381;29;-;-;-;-;-
13380;29;-;-;-;-;-
13379;29;-;-;-;-;-
13378;29;-;-;-;-;-
13377;29;-;-;-;-;-
13376;29;-;-;-;-;-
13375;28;-;-;-;-;-
13374;28;-;-;-;-;-
13373;28;-;-;-;-;-
13372;28;-;-;-;-;-
13371;28;-;-;-;-;-
13370;28;-;-;-;-;-
13369;28;-;-;-;-;-
13368;28;-;-;-;-;-
13367;28;-;-;-;-;-
13366;28;-;-;-;-;-
13365;28;-;-;-;-;-
13364;28;-;-;-;-;-
13363;28;-;-;-;-;-
13362;28;-;-;-;-;-
13361;28;-;-;-;-;-
13360;28;-;-;-;-;-
13359;28;-;-;-;-;-
13358;28;-;-;-;-;-
13357;28;-;-;-;-;-
13356;28;-;-;-;-;-
13355;28;-;-;-;-;-
13354;28;-;-;-;-;-
13353;28;-;-;-;-;-
13352;28;-;-;-;-;-
13351;28;-;-;-;-;-
13350;28;-;-;-;-;-
13349;28;-;-;-;-;-
13348;28;-;-;-;-;-
13347;28;-;-;-;-;-
13346;28;-;-;-;-;-
13345;28;-;-;-;-;-
13344;28;-;-;-;-;-
13343;28;-;-;-;-;-
13342;28;-;-;-;-;-
13341;28;-;-;-;-;-
13340;28;-;-;-;-;-
13339;28;-;-;-;-;-
13338;28;-;-;-;-;-
13337;28;-;-;-;-;-
13336;28;-;-;-;-;-
13335;28;-;-;-;-;-
13334;28;-;-;-;-;-
13333;28;-;-;-;-;-
13332;28;-;-;-;-;-
13331;28;-;-;-;-;-
13330;28;-;-;-;-;-
13329;28;-;-;-;-;-
13328;28;-;-;-;-;-
13327;28;-;-;-;-;-
13326;28;-;-;-;-;-
13325;28;-;-;-;-;-
13324;28;-;-;-;-;-
13323;28;-;-;-;-;-
13322;28;-;-;-;-;-
13321;28;-;-;-;-;-
13320;28;-;-;-;-;-
13319;28;-;-;-;-;-
13318;28;-;-;-;-;-
13317;28;-;-;-;-;-
13316;28;-;-;-;-;-
13315;28;-;-;-;-;-
13314;28;-;-;-;-;-
13313;28;-;-;-;-;-
13312;28;-;-;-;-;-
13311;28;-;-;-;-;-
13310;28;-;-;-;-;-
13309;28;-;-;-;-;-
13308;28;-;-;-;-;-
13307;28;-;-;-;-;-
13306;28;-;-;-;-;-
13305;28;-;-;-;-;-
13304;28;-;-;-;-;-
13303;28;-;-;-;-;-
13302;28;-;-;-;-;-
13301;28;-;-;-;-;-
13300;28;-;-;-;-;-
13299;28;-;-;-;-;-
13298;28;-;-;-;-;-
13297;28;-;-;-;-;-
13296;28;-;-;-;-;-
13295;28;-;-;-;-;-
13294;28;-;-;-;-;-
13293;28;-;-;-;-;-
13292;28;-;-;-;-;-
13291;28;-;-;-;-;-
13290;28;-;-;-;-;-
13289;28;-;-;-;-;-
13288;28;-;-;-;-;-
13287;28;-;-;-;-;-
13286;28;-;-;-;-;-
13285;28;-;-;-;-;-
13284;28;-;-;-;-;-
13283;28;-;-;-;-;-
13282;28;-;-;-;-;-
13281;28;-;-;-;-;-
13280;28;-;-;-;-;-
13279;27;-;-;-;-;-
13278;27;-;-;-;-;-
13277;27;-;-;-;-;-
13276;27;-;-;-;-;-
13275;27;-;-;-;-;-
13274;27;-;-;-;-;-
13273;27;-;-;-;-;-
13272;27;-;-;-;-;-
13271;27;-;-;-;-;-
13270;27;-;-;-;-;-
13269;27;-;-;-;-;-
13268;27;-;-;-;-;-
13267;27;-;-;-;-;-
13266;27;-;-;-;-;-
13265;27;-;-;-;-;-
13264;27;-;-;-;-;-
13263;27;-;-;-;-;-
13262;27;-;-;-;-;-
13261;27;-;-;-;-;-
13260;27;-;-;-;-;-
13259;27;-;-;-;-;-
13258;27;-;-;-;-;-
13257;27;-;-;-;-;-
13256;27;-;-;-;-;-
13255;27;-;-;-;-;-
13254;27;-;-;-;-;-
13253;27;-;-;-;-;-
13252;27;-;-;-;-;-
13251;27;-;-;-;-;-
13250;27;-;-;-;-;-
13249;27;-;-;-;-;-
13248;27;-;-;-;-;-
13247;27;-;-;-;-;-
13246;27;-;-;-;-;-
13245;27;-;-;-;-;-
13244;27;-;-;-;-;-
13243;27;-;-;-;-;-
13242;27;-;-;-;-;-
13241;27;-;-;-;-;-
13240;27;-;-;-;-;-
13239;27;-;-;-;-;-
13238;27;-;-;-;-;-
13237;27;-;-;-;-;-
13236;27;-;-;-;-;-
13235;27;-;-;-;-;-
13234;27;-;-;-;-;-
13233;27;-;-;-;-;-
13232;27;-;-;-;-;-
13231;27;-;-;-;-;-
13230;27;-;-;-;-;-
13229;27;-;-;-;-;-
13228;27;-;-;-;-;-
13227;27;-;-;-;-;-
13226;27;-;-;-;-;-
13225;27;-;-;-;-;-
13224;27;-;-;-;-;-
13223;27;-;-;-;-;-
13222;27;-;-;-;-;-
13221;27;-;-;-;-;-
13220;27;-;-;-;-;-
13219;27;-;-;-;-;-
13218;27;-;-;-;-;-
13217;27;-;-;-;-;-
13216;27;-;-;-;-;-
13215;27;-;-;-;-;-
13214;27;-;-;-;-;-
13213;27;-;-;-;-;-
13212;27;-;-;-;-;-
13211;27;-;-;-;-;-
13210;27;-;-;-;-;-
13209;27;-;-;-;-;-
13208;27;-;-;-;-;-
13207;27;-;-;-;-;-
13206;27;-;-;-;-;-
13205;27;-;-;-;-;-
13204;27;-;-;-;-;-
13203;27;-;-;-;-;-
13202;27;-;-;-;-;-
13201;27;-;-;-;-;-
13200;27;-;-;-;-;-
13199;27;-;-;-;-;-
13198;27;-;-;-;-;-
13197;27;-;-;-;-;-
13196;27;-;-;-;-;-
13195;27;-;-;-;-;-
13194;27;-;-;-;-;-
13193;27;-;-;-;-;-
13192;27;-;-;-;-;-
13191;27;-;-;-;-;-
13190;27;-;-;-;-;-
13189;27;-;-;-;-;-
13188;27;-;-;-;-;-
13187;27;-;-;-;-;-
13186;27;-;-;-;-;-
13185;27;-;-;-;-;-
13184;27;-;-;-;-;-
13183;26;-;-;-;-;-
13182;26;-;-;-;-;-
13181;26;-;-;-;-;-
13180;26;-;-;-;-;-
13179;26;-;-;-;-;-
13178;26;-;-;-;-;-
13177;26;-;-;-;-;-
13176;26;-;-;-;-;-
13175;26;-;-;-;-;-
13174;26;-;-;-;-;-
13173;26;-;-;-;-;-
13172;26;-;-;-;-;-
13171;26;-;-;-;-;-
13170;26;-;-;-;-;-
13169;26;-;-;-;-;-
13168;26;-;-;-;-;-
13167;26;-;-;-;-;-
13166;26;-;-;-;-;-
13165;26;-;-;-;-;-
13164;26;-;-;-;-;-
13163;26;-;-;-;-;-
13162;26;-;-;-;-;-
13161;26;-;-;-;-;-
13160;26;-;-;-;-;-
13159;26;-;-;-;-;-
13158;26;-;-;-;-;-
13157;26;-;-;-;-;-
13156;26;-;-;-;-;-
13155;26;-;-;-;-;-
13154;26;-;-;-;-;-
13153;26;-;-;-;-;-
13152;26;-;-;-;-;-
13151;26;-;-;-;-;-
13150;26;-;-;-;-;-
13149;26;-;-;-;-;-
13148;26;-;-;-;-;-
13147;26;-;-;-;-;-
13146;26;-;-;-;-;-
13145;26;-;-;-;-;-
13144;26;-;-;-;-;-
13143;26;-;-;-;-;-
13142;26;-;-;-;-;-
13141;26;-;-;-;-;-
13140;26;-;-;-;-;-
13139;26;-;-;-;-;-
13138;26;-;-;-;-;-
13137;26;-;-;-;-;-
13136;26;-;-;-;-;-
13135;26;-;-;-;-;-
13134;26;-;-;-;-;-
13133;26;-;-;-;-;-
13132;26;-;-;-;-;-
13131;26;-;-;-;-;-
13130;26;-;-;-;-;-
13129;26;-;-;-;-;-
13128;26;-;-;-;-;-
13127;26;-;-;-;-;-
13126;26;-;-;-;-;-
13125;26;-;-;-;-;-
13124;26;-;-;-;-;-
13123;26;-;-;-;-;-
13122;26;-;-;-;-;-
13121;26;-;-;-;-;-
13120;26;-;-;-;-;-
13119;26;-;-;-;-;-
13118;26;-;-;-;-;-
13117;26;-;-;-;-;-
13116;26;-;-;-;-;-
13115;26;-;-;-;-;-
13114;26;-;-;-;-;-
13113;26;-;-;-;-;-
13112;26;-;-;-;-;-
13111;26;-;-;-;-;-
13110;26;-;-;-;-;-
13109;26;-;-;-;-;-
13108;26;-;-;-;-;-
13107;26;-;-;-;-;-
13106;26;-;-;-;-;-
13105;26;-;-;-;-;-
13104;26;-;-;-;-;-
13103;26;-;-;-;-;-
13102;26;-;-;-;-;-
13101;26;-;-;-;-;-
13100;26;-;-;-;-;-
13099;26;-;-;-;-;-
13098;26;-;-;-;-;-
13097;26;-;-;-;-;-
13096;26;-;-;-;-;-
13095;26;-;-;-;-;-
13094;26;-;-;-;-;-
13093;26;-;-;-;-;-
13092;26;-;-;-;-;-
13091;26;-;-;-;-;-
13090;26;-;-;-;-;-
13089;26;-;-;-;-;-
13088;26;-;-;-;-;-
13087;25;-;-;-;-;-
13086;25;-;-;-;-;-
13085;25;-;-;-;-;-
13084;25;-;-;-;-;-
13083;25;-;-;-;-;-
13082;25;-;-;-;-;-
13081;25;-;-;-;-;-
13080;25;-;-;-;-;-
13079;25;-;-;-;-;-
13078;25;-;-;-;-;-
13077;25;-;-;-;-;-
13076;25;-;-;-;-;-
13075;25;-;-;-;-;-
13074;25;-;-;-;-;-
13073;25;-;-;-;-;-
13072;25;-;-;-;-;-
13071;25;-;-;-;-;-
13070;25;-;-;-;-;-
13069;25;-;-;-;-;-
13068;25;-;-;-;-;-
13067;25;-;-;-;-;-
13066;25;-;-;-;-;-
13065;25;-;-;-;-;-
13064;25;-;-;-;-;-
13063;25;-;-;-;-;-
13062;25;-;-;-;-;-
13061;25;-;-;-;-;-
13060;25;-;-;-;-;-
13059;25;-;-;-;-;-
13058;25;-;-;-;-;-
13057;25;-;-;-;-;-
13056;25;-;-;-;-;-
13055;25;-;-;-;-;-
13054;25;-;-;-;-;-
13053;25;-;-;-;-;-
13052;25;-;-;-;-;-
13051;25;-;-;-;-;-
13050;25;-;-;-;-;-
13049;25;-;-;-;-;-
13048;25;-;-;-;-;-
13047;25;-;-;-;-;-
13046;25;-;-;-;-;-
13045;25;-;-;-;-;-
13044;25;-;-;-;-;-
13043;25;-;-;-;-;-
13042;25;-;-;-;-;-
13041;25;-;-;-;-;-
13040;25;-;-;-;-;-
13039;25;-;-;-;-;-
13038;25;-;-;-;-;-
13037;25;-;-;-;-;-
13036;25;-;-;-;-;-
13035;25;-;-;-;-;-
13034;25;-;-;-;-;-
13033;25;-;-;-;-;-
13032;25;-;-;-;-;-
13031;25;-;-;-;-;-
13030;25;-;-;-;-;-
13029;25;-;-;-;-;-
13028;25;-;-;-;-;-
13027;25;-;-;-;-;-
13026;25;-;-;-;-;-
13025;25;-;-;-;-;-
13024;25;-;-;-;-;-
13023;25;-;-;-;-;-
13022;25;-;-;-;-;-
13021;25;-;-;-;-;-
13020;25;-;-;-;-;-
13019;25;-;-;-;-;-
13018;25;-;-;-;-;-
13017;25;-;-;-;-;-
13016;25;-;-;-;-;-
13015;25;-;-;-;-;-
13014;25;-;-;-;-;-
13013;25;-;-;-;-;-
13012;25;-;-;-;-;-
13011;25;-;-;-;-;-
13010;25;-;-;-;-;-
13009;25;-;-;-;-;-
13008;25;-;-;-;-;-
13007;25;-;-;-;-;-
13006;25;-;-;-;-;-
13005;25;-;-;-;-;-
13004;25;-;-;-;-;-
13003;25;-;-;-;-;-
13002;25;-;-;-;-;-
13001;25;-;-;-;-;-
13000;25;-;-;-;-;-
12999;25;-;-;-;-;-
12998;25;-;-;-;-;-
12997;25;-;-;-;-;-
12996;25;-;-;-;-;-
12995;25;-;-;-;-;-
12994;25;-;-;-;-;-
12993;25;-;-;-;-;-
12992;25;-;-;-;-;-
12991;24;-;-;-;-;-
12990;24;-;-;-;-;-
12989;24;-;-;-;-;-
12988;24;-;-;-;-;-
12987;24;-;-;-;-;-
12986;24;-;-;-;-;-
12985;24;-;-;-;-;-
12984;24;-;-;-;-;-
12983;24;-;-;-;-;-
12982;24;-;-;-;-;-
12981;24;-;-;-;-;-
12980;24;-;-;-;-;-
12979;24;-;-;-;-;-
12978;24;-;-;-;-;-
12977;24;-;-;-;-;-
12976;24;-;-;-;-;-
12975;24;-;-;-;-;-
12974;24;-;-;-;-;-
12973;24;-;-;-;-;-
12972;24;-;-;-;-;-
12971;24;-;-;-;-;-
12970;24;-;-;-;-;-
12969;24;-;-;-;-;-
12968;24;-;-;-;-;-
12967;24;-;-;-;-;-
12966;24;-;-;-;-;-
12965;24;-;-;-;-;-
12964;24;-;-;-;-;-
12963;24;-;-;-;-;-
12962;24;-;-;-;-;-
12961;24;-;-;-;-;-
12960;24;-;-;-;-;-
12959;24;-;-;-;-;-
12958;24;-;-;-;-;-
12957;24;-;-;-;-;-
12956;24;-;-;-;-;-
12955;24;-;-;-;-;-
12954;24;-;-;-;-;-
12953;24;-;-;-;-;-
12952;24;-;-;-;-;-
12951;24;-;-;-;-;-
12950;24;-;-;-;-;-
12949;24;-;-;-;-;-
12948;24;-;-;-;-;-
12947;24;-;-;-;-;-
12946;24;-;-;-;-;-
12945;24;-;-;-;-;-
12944;24;-;-;-;-;-
12943;24;-;-;-;-;-
12942;24;-;-;-;-;-
12941;24;-;-;-;-;-
12940;24;-;-;-;-;-
12939;24;-;-;-;-;-
12938;24;-;-;-;-;-
12937;24;-;-;-;-;-
12936;24;-;-;-;-;-
12935;24;-;-;-;-;-
12934;24;-;-;-;-;-
12933;24;-;-;-;-;-
12932;24;-;-;-;-;-
12931;24;-;-;-;-;-
12930;24;-;-;-;-;-
12929;24;-;-;-;-;-
12928;24;-;-;-;-;-
12927;24;-;-;-;-;-
12926;24;-;-;-;-;-
12925;24;-;-;-;-;-
12924;24;-;-;-;-;-
12923;24;-;-;-;-;-
12922;24;-;-;-;-;-
12921;24;-;-;-;-;-
12920;24;-;-;-;-;-
12919;24;-;-;-;-;-
12918;24;-;-;-;-;-
12917;24;-;-;-;-;-
12916;24;-;-;-;-;-
12915;24;-;-;-;-;-
12914;24;-;-;-;-;-
12913;24;-;-;-;-;-
12912;24;-;-;-;-;-
12911;24;-;-;-;-;-
12910;24;-;-;-;-;-
12909;24;-;-;-;-;-
12908;24;-;-;-;-;-
12907;24;-;-;-;-;-
12906;24;-;-;-;-;-
12905;24;-;-;-;-;-
12904;24;-;-;-;-;-
12903;24;-;-;-;-;-
12902;24;-;-;-;-;-
12901;24;-;-;-;-;-
12900;24;-;-;-;-;-
12899;24;-;-;-;-;-
12898;24;-;-;-;-;-
12897;24;-;-;-;-;-
12896;24;-;-;-;-;-
12895;23;-;-;-;-;-
12894;23;-;-;-;-;-
12893;23;-;-;-;-;-
12892;23;-;-;-;-;-
12891;23;-;-;-;-;-
12890;23;-;-;-;-;-
12889;23;-;-;-;-;-
12888;23;-;-;-;-;-
12887;23;-;-;-;-;-
12886;23;-;-;-;-;-
12885;23;-;-;-;-;-
12884;23;-;-;-;-;-
12883;23;-;-;-;-;-
12882;23;-;-;-;-;-
12881;23;-;-;-;-;-
12880;23;-;-;-;-;-
12879;23;-;-;-;-;-
12878;23;-;-;-;-;-
12877;23;-;-;-;-;-
12876;23;-;-;-;-;-
12875;23;-;-;-;-;-
12874;23;-;-;-;-;-
12873;23;-;-;-;-;-
12872;23;-;-;-;-;-
12871;23;-;-;-;-;-
12870;23;-;-;-;-;-
12869;23;-;-;-;-;-
12868;23;-;-;-;-;-
12867;23;-;-;-;-;-
12866;23;-;-;-;-;-
12865;23;-;-;-;-;-
12864;23;-;-;-;-;-
12863;23;-;-;-;-;-
12862;23;-;-;-;-;-
12861;23;-;-;-;-;-
12860;23;-;-;-;-;-
12859;23;-;-;-;-;-
12858;23;-;-;-;-;-
12857;23;-;-;-;-;-
12856;23;-;-;-;-;-
12855;23;-;-;-;-;-
12854;23;-;-;-;-;-
12853;23;-;-;-;-;-
12852;23;-;-;-;-;-
12851;23;-;-;-;-;-
12850;23;-;-;-;-;-
12849;23;-;-;-;-;-
12848;23;-;-;-;-;-
12847;23;-;-;-;-;-
12846;23;-;-;-;-;-
12845;23;-;-;-;-;-
12844;23;-;-;-;-;-
12843;23;-;-;-;-;-
12842;23;-;-;-;-;-
12841;23;-;-;-;-;-
12840;23;-;-;-;-;-
12839;23;-;-;-;-;-
12838;23;-;-;-;-;-
12837;23;-;-;-;-;-
12836;23;-;-;-;-;-
12835;23;-;-;-;-;-
12834;23;-;-;-;-;-
12833;23;-;-;-;-;-
12832;23;-;-;-;-;-
12831;23;-;-;-;-;-
12830;23;-;-;-;-;-
12829;23;-;-;-;-;-
12828;23;-;-;-;-;-
12827;23;-;-;-;-;-
12826;23;-;-;-;-;-
12825;23;-;-;-;-;-
12824;23;-;-;-;-;-
12823;23;-;-;-;-;-
12822;23;-;-;-;-;-
12821;23;-;-;-;-;-
12820;23;-;-;-;-;-
12819;23;-;-;-;-;-
12818;23;-;-;-;-;-
12817;23;-;-;-;-;-
12816;23;-;-;-;-;-
12815;23;-;-;-;-;-
12814;23;-;-;-;-;-
12813;23;-;-;-;-;-
12812;23;-;-;-;-;-
12811;23;-;-;-;-;-
12810;23;-;-;-;-;-
12809;23;-;-;-;-;-
12808;23;-;-;-;-;-
12807;23;-;-;-;-;-
12806;23;-;-;-;-;-
12805;23;-;-;-;-;-
12804;23;-;-;-;-;-
12803;23;-;-;-;-;-
12802;23;-;-;-;-;-
12801;23;-;-;-;-;-
12800;23;-;-;-;-;-
12799;22;-;-;-;-;-
12798;22;-;-;-;-;-
12797;22;-;-;-;-;-
12796;22;-;-;-;-;-
12795;22;-;-;-;-;-
12794;22;-;-;-;-;-
12793;22;-;-;-;-;-
12792;22;-;-;-;-;-
12791;22;-;-;-;-;-
12790;22;-;-;-;-;-
12789;22;-;-;-;-;-
12788;22;-;-;-;-;-
12787;22;-;-;-;-;-
12786;22;-;-;-;-;-
12785;22;-;-;-;-;-
12784;22;-;-;-;-;-
12783;22;-;-;-;-;-
12782;22;-;-;-;-;-
12781;22;-;-;-;-;-
12780;22;-;-;-;-;-
12779;22;-;-;-;-;-
12778;22;-;-;-;-;-
12777;22;-;-;-;-;-
12776;22;-;-;-;-;-
12775;22;-;-;-;-;-
12774;22;-;-;-;-;-
12773;22;-;-;-;-;-
12772;22;-;-;-;-;-
12771;22;-;-;-;-;-
12770;22;-;-;-;-;-
12769;22;-;-;-;-;-
12768;22;-;-;-;-;-
12767;22;-;-;-;-;-
12766;22;-;-;-;-;-
12765;22;-;-;-;-;-
12764;22;-;-;-;-;-
12763;22;-;-;-;-;-
12762;22;-;-;-;-;-
12761;22;-;-;-;-;-
12760;22;-;-;-;-;-
12759;22;-;-;-;-;-
12758;22;-;-;-;-;-
12757;22;-;-;-;-;-
12756;22;-;-;-;-;-
12755;22;-;-;-;-;-
12754;22;-;-;-;-;-
12753;22;-;-;-;-;-
12752;22;-;-;-;-;-
12751;22;-;-;-;-;-
12750;22;-;-;-;-;-
12749;22;-;-;-;-;-
12748;22;-;-;-;-;-
12747;22;-;-;-;-;-
12746;22;-;-;-;-;-
12745;22;-;-;-;-;-
12744;22;-;-;-;-;-
12743;22;-;-;-;-;-
12742;22;-;-;-;-;-
12741;22;-;-;-;-;-
12740;22;-;-;-;-;-
12739;22;-;-;-;-;-
12738;22;-;-;-;-;-
12737;22;-;-;-;-;-
12736;22;-;-;-;-;-
12735;22;-;-;-;-;-
12734;22;-;-;-;-;-
12733;22;-;-;-;-;-
12732;22;-;-;-;-;-
12731;22;-;-;-;-;-
12730;22;-;-;-;-;-
12729;22;-;-;-;-;-
12728;22;-;-;-;-;-
12727;22;-;-;-;-;-
12726;22;-;-;-;-;-
12725;22;-;-;-;-;-
12724;22;-;-;-;-;-
12723;22;-;-;-;-;-
12722;22;-;-;-;-;-
12721;22;-;-;-;-;-
12720;22;-;-;-;-;-
12719;22;-;-;-;-;-
12718;22;-;-;-;-;-
12717;22;-;-;-;-;-
12716;22;-;-;-;-;-
12715;22;-;-;-;-;-
12714;22;-;-;-;-;-
12713;22;-;-;-;-;-
12712;22;-;-;-;-;-
12711;22;-;-;-;-;-
12710;22;-;-;-;-;-
12709;22;-;-;-;-;-
12708;22;-;-;-;-;-
12707;22;-;-;-;-;-
12706;22;-;-;-;-;-
12705;22;-;-;-;-;-
12704;22;-;-;-;-;-
12703;21;-;-;-;-;-
12702;21;-;-;-;-;-
12701;21;-;-;-;-;-
12700;21;-;-;-;-;-
12699;21;-;-;-;-;-
12698;21;-;-;-;-;-
12697;21;-;-;-;-;-
12696;21;-;-;-;-;-
12695;21;-;-;-;-;-
12694;21;-;-;-;-;-
12693;21;-;-;-;-;-
12692;21;-;-;-;-;-
12691;21;-;-;-;-;-
12690;21;-;-;-;-;-
12689;21;-;-;-;-;-
12688;21;-;-;-;-;-
12687;21;-;-;-;-;-
12686;21;-;-;-;-;-
12685;21;-;-;-;-;-
12684;21;-;-;-;-;-
12683;21;-;-;-;-;-
12682;21;-;-;-;-;-
12681;21;-;-;-;-;-
12680;21;-;-;-;-;-
12679;21;-;-;-;-;-
12678;21;-;-;-;-;-
12677;21;-;-;-;-;-
12676;21;-;-;-;-;-
12675;21;-;-;-;-;-
12674;21;-;-;-;-;-
12673;21;-;-;-;-;-
12672;21;-;-;-;-;-
12671;21;-;-;-;-;-
12670;21;-;-;-;-;-
12669;21;-;-;-;-;-
12668;21;-;-;-;-;-
12667;21;-;-;-;-;-
12666;21;-;-;-;-;-
12665;21;-;-;-;-;-
12664;21;-;-;-;-;-
12663;21;-;-;-;-;-
12662;21;-;-;-;-;-
12661;21;-;-;-;-;-
12660;21;-;-;-;-;-
12659;21;-;-;-;-;-
12658;21;-;-;-;-;-
12657;21;-;-;-;-;-
12656;21;-;-;-;-;-
12655;21;-;-;-;-;-
12654;21;-;-;-;-;-
12653;21;-;-;-;-;-
12652;21;-;-;-;-;-
12651;21;-;-;-;-;-
12650;21;-;-;-;-;-
12649;21;-;-;-;-;-
12648;21;-;-;-;-;-
12647;21;-;-;-;-;-
12646;21;-;-;-;-;-
12645;21;-;-;-;-;-
12644;21;-;-;-;-;-
12643;21;-;-;-;-;-
12642;21;-;-;-;-;-
12641;21;-;-;-;-;-
12640;21;-;-;-;-;-
12639;21;-;-;-;-;-
12638;21;-;-;-;-;-
12637;21;-;-;-;-;-
12636;21;-;-;-;-;-
12635;21;-;-;-;-;-
12634;21;-;-;-;-;-
12633;21;-;-;-;-;-
12632;21;-;-;-;-;-
12631;21;-;-;-;-;-
12630;21;-;-;-;-;-
12629;21;-;-;-;-;-
12628;21;-;-;-;-;-
12627;21;-;-;-;-;-
12626;21;-;-;-;-;-
12625;21;-;-;-;-;-
12624;21;-;-;-;-;-
12623;21;-;-;-;-;-
12622;21;-;-;-;-;-
12621;21;-;-;-;-;-
12620;21;-;-;-;-;-
12619;21;-;-;-;-;-
12618;21;-;-;-;-;-
12617;21;-;-;-;-;-
12616;21;-;-;-;-;-
12615;21;-;-;-;-;-
12614;21;-;-;-;-;-
12613;21;-;-;-;-;-
12612;21;-;-;-;-;-
12611;21;-;-;-;-;-
12610;21;-;-;-;-;-
12609;21;-;-;-;-;-
12608;21;-;-;-;-;-
12607;20;-;-;-;-;-
12606;20;-;-;-;-;-
12605;20;-;-;-;-;-
12604;20;-;-;-;-;-
12603;20;-;-;-;-;-
12602;20;-;-;-;-;-
12601;20;-;-;-;-;-
12600;20;-;-;-;-;-
12599;20;-;-;-;-;-
12598;20;-;-;-;-;-
12597;20;-;-;-;-;-
12596;20;-;-;-;-;-
12595;20;-;-;-;-;-
12594;20;-;-;-;-;-
12593;20;-;-;-;-;-
12592;20;-;-;-;-;-
12591;20;-;-;-;-;-
12590;20;-;-;-;-;-
12589;20;-;-;-;-;-
12588;20;-;-;-;-;-
12587;20;-;-;-;-;-
12586;20;-;-;-;-;-
12585;20;-;-;-;-;-
12584;20;-;-;-;-;-
12583;20;-;-;-;-;-
12582;20;-;-;-;-;-
12581;20;-;-;-;-;-
12580;20;-;-;-;-;-
12579;20;-;-;-;-;-
12578;20;-;-;-;-;-
12577;20;-;-;-;-;-
12576;20;-;-;-;-;-
12575;20;-;-;-;-;-
12574;20;-;-;-;-;-
12573;20;-;-;-;-;-
12572;20;-;-;-;-;-
12571;20;-;-;-;-;-
12570;20;-;-;-;-;-
12569;20;-;-;-;-;-
12568;20;-;-;-;-;-
12567;20;-;-;-;-;-
12566;20;-;-;-;-;-
12565;20;-;-;-;-;-
12564;20;-;-;-;-;-
12563;20;-;-;-;-;-
12562;20;-;-;-;-;-
12561;20;-;-;-;-;-
12560;20;-;-;-;-;-
12559;20;-;-;-;-;-
12558;20;-;-;-;-;-
12557;20;-;-;-;-;-
12556;20;-;-;-;-;-
12555;20;-;-;-;-;-
12554;20;-;-;-;-;-
12553;20;-;-;-;-;-
12552;20;-;-;-;-;-
12551;20;-;-;-;-;-
12550;20;-;-;-;-;-
12549;20;-;-;-;-;-
12548;20;-;-;-;-;-
12547;20;-;-;-;-;-
12546;20;-;-;-;-;-
12545;20;-;-;-;-;-
12544;20;-;-;-;-;-
12543;20;-;-;-;-;-
12542;20;-;-;-;-;-
12541;20;-;-;-;-;-
12540;20;-;-;-;-;-
12539;20;-;-;-;-;-
12538;20;-;-;-;-;-
12537;20;-;-;-;-;-
12536;20;-;-;-;-;-
12535;20;-;-;-;-;-
12534;20;-;-;-;-;-
12533;20;-;-;-;-;-
12532;20;-;-;-;-;-
12531;20;-;-;-;-;-
12530;20;-;-;-;-;-
12529;20;-;-;-;-;-
12528;20;-;-;-;-;-
12527;20;-;-;-;-;-
12526;20;-;-;-;-;-
12525;20;-;-;-;-;-
12524;20;-;-;-;-;-
12523;20;-;-;-;-;-
12522;20;-;-;-;-;-
12521;20;-;-;-;-;-
12520;20;-;-;-;-;-
12519;20;-;-;-;-;-
12518;20;-;-;-;-;-
12517;20;-;-;-;-;-
12516;20;-;-;-;-;-
12515;20;-;-;-;-;-
12514;20;-;-;-;-;-
12513;20;-;-;-;-;-
12512;20;-;-;-;-;-
12511;19;-;-;-;-;-
12510;19;-;-;-;-;-
12509;19;-;-;-;-;-
12508;19;-;-;-;-;-
12507;19;-;-;-;-;-
12506;19;-;-;-;-;-
12505;19;-;-;-;-;-
12504;19;-;-;-;-;-
12503;19;-;-;-;-;-
12502;19;-;-;-;-;-
12501;19;-;-;-;-;-
12500;19;-;-;-;-;-
12499;19;-;-;-;-;-
12498;19;-;-;-;-;-
12497;19;-;-;-;-;-
12496;19;-;-;-;-;-
12495;19;-;-;-;-;-
12494;19;-;-;-;-;-
12493;19;-;-;-;-;-
12492;19;-;-;-;-;-
12491;19;-;-;-;-;-
12490;19;-;-;-;-;-
12489;19;-;-;-;-;-
12488;19;-;-;-;-;-
12487;19;-;-;-;-;-
12486;19;-;-;-;-;-
12485;19;-;-;-;-;-
12484;19;-;-;-;-;-
12483;19;-;-;-;-;-
12482;19;-;-;-;-;-
12481;19;-;-;-;-;-
12480;19;-;-;-;-;-
12479;19;-;-;-;-;-
12478;19;-;-;-;-;-
12477;19;-;-;-;-;-
12476;19;-;-;-;-;-
12475;19;-;-;-;-;-
12474;19;-;-;-;-;-
12473;19;-;-;-;-;-
12472;19;-;-;-;-;-
12471;19;-;-;-;-;-
12470;19;-;-;-;-;-
12469;19;-;-;-;-;-
12468;19;-;-;-;-;-
12467;19;-;-;-;-;-
12466;19;-;-;-;-;-
12465;19;-;-;-;-;-
12464;19;-;-;-;-;-
12463;19;-;-;-;-;-
12462;19;-;-;-;-;-
12461;19;-;-;-;-;-
12460;19;-;-;-;-;-
12459;19;-;-;-;-;-
12458;19;-;-;-;-;-
12457;19;-;-;-;-;-
12456;19;-;-;-;-;-
12455;19;-;-;-;-;-
12454;19;-;-;-;-;-
12453;19;-;-;-;-;-
12452;19;-;-;-;-;-
12451;19;-;-;-;-;-
12450;19;-;-;-;-;-
12449;19;-;-;-;-;-
12448;19;-;-;-;-;-
12447;19;-;-;-;-;-
12446;19;-;-;-;-;-
12445;19;-;-;-;-;-
12444;19;-;-;-;-;-
12443;19;-;-;-;-;-
12442;19;-;-;-;-;-
12441;19;-;-;-;-;-
12440;19;-;-;-;-;-
12439;19;-;-;-;-;-
12438;19;-;-;-;-;-
12437;19;-;-;-;-;-
12436;19;-;-;-;-;-
12435;19;-;-;-;-;-
12434;19;-;-;-;-;-
12433;19;-;-;-;-;-
12432;19;-;-;-;-;-
12431;19;-;-;-;-;-
12430;19;-;-;-;-;-
12429;19;-;-;-;-;-
12428;19;-;-;-;-;-
12427;19;-;-;-;-;-
12426;19;-;-;-;-;-
12425;19;-;-;-;-;-
12424;19;-;-;-;-;-
12423;19;-;-;-;-;-
12422;19;-;-;-;-;-
12421;19;-;-;-;-;-
12420;19;-;-;-;-;-
12419;19;-;-;-;-;-
12418;19;-;-;-;-;-
12417;19;-;-;-;-;-
12416;19;-;-;-;-;-
12415;18;-;-;-;-;-
12414;18;-;-;-;-;-
12413;18;-;-;-;-;-
12412;18;-;-;-;-;-
12411;18;-;-;-;-;-
12410;18;-;-;-;-;-
12409;18;-;-;-;-;-
12408;18;-;-;-;-;-
12407;18;-;-;-;-;-
12406;18;-;-;-;-;-
12405;18;-;-;-;-;-
12404;18;-;-;-;-;-
12403;18;-;-;-;-;-
12402;18;-;-;-;-;-
12401;18;-;-;-;-;-
12400;18;-;-;-;-;-
12399;18;-;-;-;-;-
12398;18;-;-;-;-;-
12397;18;-;-;-;-;-
12396;18;-;-;-;-;-
12395;18;-;-;-;-;-
12394;18;-;-;-;-;-
12393;18;-;-;-;-;-
12392;18;-;-;-;-;-
12391;18;-;-;-;-;-
12390;18;-;-;-;-;-
12389;18;-;-;-;-;-
12388;18;-;-;-;-;-
12387;18;-;-;-;-;-
12386;18;-;-;-;-;-
12385;18;-;-;-;-;-
12384;18;-;-;-;-;-
12383;18;-;-;-;-;-
12382;18;-;-;-;-;-
12381;18;-;-;-;-;-
12380;18;-;-;-;-;-
12379;18;-;-;-;-;-
12378;18;-;-;-;-;-
12377;18;-;-;-;-;-
12376;18;-;-;-;-;-
12375;18;-;-;-;-;-
12374;18;-;-;-;-;-
12373;18;-;-;-;-;-
12372;18;-;-;-;-;-
12371;18;-;-;-;-;-
12370;18;-;-;-;-;-
12369;18;-;-;-;-;-
12368;18;-;-;-;-;-
12367;18;-;-;-;-;-
12366;18;-;-;-;-;-
12365;18;-;-;-;-;-
12364;18;-;-;-;-;-
12363;18;-;-;-;-;-
12362;18;-;-;-;-;-
12361;18;-;-;-;-;-
12360;18;-;-;-;-;-
12359;18;-;-;-;-;-
12358;18;-;-;-;-;-
12357;18;-;-;-;-;-
12356;18;-;-;-;-;-
12355;18;-;-;-;-;-
12354;18;-;-;-;-;-
12353;18;-;-;-;-;-
12352;18;-;-;-;-;-
12351;18;-;-;-;-;-
12350;18;-;-;-;-;-
12349;18;-;-;-;-;-
12348;18;-;-;-;-;-
12347;18;-;-;-;-;-
12346;18;-;-;-;-;-
12345;18;-;-;-;-;-
12344;18;-;-;-;-;-
12343;18;-;-;-;-;-
12342;18;-;-;-;-;-
12341;18;-;-;-;-;-
12340;18;-;-;-;-;-
12339;18;-;-;-;-;-
12338;18;-;-;-;-;-
12337;18;-;-;-;-;-
12336;18;-;-;-;-;-
12335;18;-;-;-;-;-
12334;18;-;-;-;-;-
12333;18;-;-;-;-;-
12332;18;-;-;-;-;-
12331;18;-;-;-;-;-
12330;18;-;-;-;-;-
12329;18;-;-;-;-;-
12328;18;-;-;-;-;-
12327;18;-;-;-;-;-
12326;18;-;-;-;-;-
12325;18;-;-;-;-;-
12324;18;-;-;-;-;-
12323;18;-;-;-;-;-
12322;18;-;-;-;-;-
12321;18;-;-;-;-;-
12320;18;-;-;-;-;-
12319;17;-;-;-;-;-
12318;17;-;-;-;-;-
12317;17;-;-;-;-;-
12316;17;-;-;-;-;-
12315;17;-;-;-;-;-
12314;17;-;-;-;-;-
12313;17;-;-;-;-;-
12312;17;-;-;-;-;-
12311;17;-;-;-;-;-
12310;17;-;-;-;-;-
12309;17;-;-;-;-;-
12308;17;-;-;-;-;-
12307;17;-;-;-;-;-
12306;17;-;-;-;-;-
12305;17;-;-;-;-;-
12304;17;-;-;-;-;-
12303;17;-;-;-;-;-
12302;17;-;-;-;-;-
12301;17;-;-;-;-;-
12300;17;-;-;-;-;-
12299;17;-;-;-;-;-
12298;17;-;-;-;-;-
12297;17;-;-;-;-;-
12296;17;-;-;-;-;-
12295;17;-;-;-;-;-
12294;17;-;-;-;-;-
12293;17;-;-;-;-;-
12292;17;-;-;-;-;-
12291;17;-;-;-;-;-
12290;17;-;-;-;-;-
12289;17;-;-;-;-;-
12288;17;-;-;-;-;-
12287;17;-;-;-;-;-
12286;17;-;-;-;-;-
12285;17;-;-;-;-;-
12284;17;-;-;-;-;-
12283;17;-;-;-;-;-
12282;17;-;-;-;-;-
12281;17;-;-;-;-;-
12280;17;-;-;-;-;-
12279;17;-;-;-;-;-
12278;17;-;-;-;-;-
12277;17;-;-;-;-;-
12276;17;-;-;-;-;-
12275;17;-;-;-;-;-
12274;17;-;-;-;-;-
12273;17;-;-;-;-;-
12272;17;-;-;-;-;-
12271;17;-;-;-;-;-
12270;17;-;-;-;-;-
12269;17;-;-;-;-;-
12268;17;-;-;-;-;-
12267;17;-;-;-;-;-
12266;17;-;-;-;-;-
12265;17;-;-;-;-;-
12264;17;-;-;-;-;-
12263;17;-;-;-;-;-
12262;17;-;-;-;-;-
12261;17;-;-;-;-;-
12260;17;-;-;-;-;-
12259;17;-;-;-;-;-
12258;17;-;-;-;-;-
12257;17;-;-;-;-;-
12256;17;-;-;-;-;-
12255;17;-;-;-;-;-
12254;17;-;-;-;-;-
12253;17;-;-;-;-;-
12252;17;-;-;-;-;-
12251;17;-;-;-;-;-
12250;17;-;-;-;-;-
12249;17;-;-;-;-;-
12248;17;-;-;-;-;-
12247;17;-;-;-;-;-
12246;17;-;-;-;-;-
12245;17;-;-;-;-;-
12244;17;-;-;-;-;-
12243;17;-;-;-;-;-
12242;17;-;-;-;-;-
12241;17;-;-;-;-;-
12240;17;-;-;-;-;-
12239;17;-;-;-;-;-
12238;17;-;-;-;-;-
12237;17;-;-;-;-;-
12236;17;-;-;-;-;-
12235;17;-;-;-;-;-
12234;17;-;-;-;-;-
12233;17;-;-;-;-;-
12232;17;-;-;-;-;-
12231;17;-;-;-;-;-
12230;17;-;-;-;-;-
12229;17;-;-;-;-;-
12228;17;-;-;-;-;-
12227;17;-;-;-;-;-
12226;17;-;-;-;-;-
12225;17;-;-;-;-;-
12224;17;-;-;-;-;-
12223;16;-;-;-;-;-
12222;16;-;-;-;-;-
12221;16;-;-;-;-;-
12220;16;-;-;-;-;-
12219;16;-;-;-;-;-
12218;16;-;-;-;-;-
12217;16;-;-;-;-;-
12216;16;-;-;-;-;-
12215;16;-;-;-;-;-
12214;16;-;-;-;-;-
12213;16;-;-;-;-;-
12212;16;-;-;-;-;-
12211;16;-;-;-;-;-
12210;16;-;-;-;-;-
12209;16;-;-;-;-;-
12208;16;-;-;-;-;-
12207;16;-;-;-;-;-
12206;16;-;-;-;-;-
12205;16;-;-;-;-;-
12204;16;-;-;-;-;-
12203;16;-;-;-;-;-
12202;16;-;-;-;-;-
12201;16;-;-;-;-;-
12200;16;-;-;-;-;-
12199;16;-;-;-;-;-
12198;16;-;-;-;-;-
12197;16;-;-;-;-;-
12196;16;-;-;-;-;-
12195;16;-;-;-;-;-
12194;16;-;-;-;-;-
12193;16;-;-;-;-;-
12192;16;-;-;-;-;-
12191;16;-;-;-;-;-
12190;16;-;-;-;-;-
12189;16;-;-;-;-;-
12188;16;-;-;-;-;-
12187;16;-;-;-;-;-
12186;16;-;-;-;-;-
12185;16;-;-;-;-;-
12184;16;-;-;-;-;-
12183;16;-;-;-;-;-
12182;16;-;-;-;-;-
12181;16;-;-;-;-;-
12180;16;-;-;-;-;-
12179;16;-;-;-;-;-
12178;16;-;-;-;-;-
12177;16;-;-;-;-;-
12176;16;-;-;-;-;-
12175;16;-;-;-;-;-
12174;16;-;-;-;-;-
12173;16;-;-;-;-;-
12172;16;-;-;-;-;-
12171;16;-;-;-;-;-
12170;16;-;-;-;-;-
12169;16;-;-;-;-;-
12168;16;-;-;-;-;-
12167;16;-;-;-;-;-
12166;16;-;-;-;-;-
12165;16;-;-;-;-;-
12164;16;-;-;-;-;-
12163;16;-;-;-;-;-
12162;16;-;-;-;-;-
12161;16;-;-;-;-;-
12160;16;-;-;-;-;-
12159;16;-;-;-;-;-
12158;16;-;-;-;-;-
12157;16;-;-;-;-;-
12156;16;-;-;-;-;-
12155;16;-;-;-;-;-
12154;16;-;-;-;-;-
12153;16;-;-;-;-;-
12152;16;-;-;-;-;-
12151;16;-;-;-;-;-
12150;16;-;-;-;-;-
12149;16;-;-;-;-;-
12148;16;-;-;-;-;-
12147;16;-;-;-;-;-
12146;16;-;-;-;-;-
12145;16;-;-;-;-;-
12144;16;-;-;-;-;-
12143;16;-;-;-;-;-
12142;16;-;-;-;-;-
12141;16;-;-;-;-;-
12140;16;-;-;-;-;-
12139;16;-;-;-;-;-
12138;16;-;-;-;-;-
12137;16;-;-;-;-;-
12136;16;-;-;-;-;-
12135;16;-;-;-;-;-
12134;16;-;-;-;-;-
12133;16;-;-;-;-;-
12132;16;-;-;-;-;-
12131;16;-;-;-;-;-
12130;16;-;-;-;-;-
12129;16;-;-;-;-;-
12128;16;-;-;-;-;-
12127;15;-;-;-;-;-
12126;15;-;-;-;-;-
12125;15;-;-;-;-;-
12124;15;-;-;-;-;-
12123;15;-;-;-;-;-
12122;15;-;-;-;-;-
12121;15;-;-;-;-;-
12120;15;-;-;-;-;-
12119;15;-;-;-;-;-
12118;15;-;-;-;-;-
12117;15;-;-;-;-;-
12116;15;-;-;-;-;-
12115;15;-;-;-;-;-
12114;15;-;-;-;-;-
12113;15;-;-;-;-;-
12112;15;-;-;-;-;-
12111;15;-;-;-;-;-
12110;15;-;-;-;-;-
12109;15;-;-;-;-;-
12108;15;-;-;-;-;-
12107;15;-;-;-;-;-
12106;15;-;-;-;-;-
12105;15;-;-;-;-;-
12104;15;-;-;-;-;-
12103;15;-;-;-;-;-
12102;15;-;-;-;-;-
12101;15;-;-;-;-;-
12100;15;-;-;-;-;-
12099;15;-;-;-;-;-
12098;15;-;-;-;-;-
12097;15;-;-;-;-;-
12096;15;-;-;-;-;-
12095;15;-;-;-;-;-
12094;15;-;-;-;-;-
12093;15;-;-;-;-;-
12092;15;-;-;-;-;-
12091;15;-;-;-;-;-
12090;15;-;-;-;-;-
12089;15;-;-;-;-;-
12088;15;-;-;-;-;-
12087;15;-;-;-;-;-
12086;15;-;-;-;-;-
12085;15;-;-;-;-;-
12084;15;-;-;-;-;-
12083;15;-;-;-;-;-
12082;15;-;-;-;-;-
12081;15;-;-;-;-;-
12080;15;-;-;-;-;-
12079;15;-;-;-;-;-
12078;15;-;-;-;-;-
12077;15;-;-;-;-;-
12076;15;-;-;-;-;-
12075;15;-;-;-;-;-
12074;15;-;-;-;-;-
12073;15;-;-;-;-;-
12072;15;-;-;-;-;-
12071;15;-;-;-;-;-
12070;15;-;-;-;-;-
12069;15;-;-;-;-;-
12068;15;-;-;-;-;-
12067;15;-;-;-;-;-
12066;15;-;-;-;-;-
12065;15;-;-;-;-;-
12064;15;-;-;-;-;-
12063;15;-;-;-;-;-
12062;15;-;-;-;-;-
12061;15;-;-;-;-;-
12060;15;-;-;-;-;-
12059;15;-;-;-;-;-
12058;15;-;-;-;-;-
12057;15;-;-;-;-;-
12056;15;-;-;-;-;-
12055;15;-;-;-;-;-
12054;15;-;-;-;-;-
12053;15;-;-;-;-;-
12052;15;-;-;-;-;-
12051;15;-;-;-;-;-
12050;15;-;-;-;-;-
12049;15;-;-;-;-;-
12048;15;-;-;-;-;-
12047;15;-;-;-;-;-
12046;15;-;-;-;-;-
12045;15;-;-;-;-;-
12044;15;-;-;-;-;-
12043;15;-;-;-;-;-
12042;15;-;-;-;-;-
12041;15;-;-;-;-;-
12040;15;-;-;-;-;-
12039;15;-;-;-;-;-
12038;15;-;-;-;-;-
12037;15;-;-;-;-;-
12036;15;-;-;-;-;-
12035;15;-;-;-;-;-
12034;15;-;-;-;-;-
12033;15;-;-;-;-;-
12032;15;-;-;-;-;-
12031;14;-;-;-;-;-
12030;14;-;-;-;-;-
12029;14;-;-;-;-;-
12028;14;-;-;-;-;-
12027;14;-;-;-;-;-
12026;14;-;-;-;-;-
12025;14;-;-;-;-;-
12024;14;-;-;-;-;-
12023;14;-;-;-;-;-
12022;14;-;-;-;-;-
12021;14;-;-;-;-;-
12020;14;-;-;-;-;-
12019;14;-;-;-;-;-
12018;14;-;-;-;-;-
12017;14;-;-;-;-;-
12016;14;-;-;-;-;-
12015;14;-;-;-;-;-
12014;14;-;-;-;-;-
12013;14;-;-;-;-;-
12012;14;-;-;-;-;-
12011;14;-;-;-;-;-
12010;14;-;-;-;-;-
12009;14;-;-;-;-;-
12008;14;-;-;-;-;-
12007;14;-;-;-;-;-
12006;14;-;-;-;-;-
12005;14;-;-;-;-;-
12004;14;-;-;-;-;-
12003;14;-;-;-;-;-
12002;14;-;-;-;-;-
12001;14;-;-;-;-;-
12000;14;-;-;-;-;-
11999;14;-;-;-;-;-
11998;14;-;-;-;-;-
11997;14;-;-;-;-;-
11996;14;-;-;-;-;-
11995;14;-;-;-;-;-
11994;14;-;-;-;-;-
11993;14;-;-;-;-;-
11992;14;-;-;-;-;-
11991;14;-;-;-;-;-
11990;14;-;-;-;-;-
11989;14;-;-;-;-;-
11988;14;-;-;-;-;-
11987;14;-;-;-;-;-
11986;14;-;-;-;-;-
11985;14;-;-;-;-;-
11984;14;-;-;-;-;-
11983;14;-;-;-;-;-
11982;14;-;-;-;-;-
11981;14;-;-;-;-;-
11980;14;-;-;-;-;-
11979;14;-;-;-;-;-
11978;14;-;-;-;-;-
11977;14;-;-;-;-;-
11976;14;-;-;-;-;-
11975;14;-;-;-;-;-
11974;14;-;-;-;-;-
11973;14;-;-;-;-;-
11972;14;-;-;-;-;-
11971;14;-;-;-;-;-
11970;14;-;-;-;-;-
11969;14;-;-;-;-;-
11968;14;-;-;-;-;-
11967;14;-;-;-;-;-
11966;14;-;-;-;-;-
11965;14;-;-;-;-;-
11964;14;-;-;-;-;-
11963;14;-;-;-;-;-
11962;14;-;-;-;-;-
11961;14;-;-;-;-;-
11960;14;-;-;-;-;-
11959;14;-;-;-;-;-
11958;14;-;-;-;-;-
11957;14;-;-;-;-;-
11956;14;-;-;-;-;-
11955;14;-;-;-;-;-
11954;14;-;-;-;-;-
11953;14;-;-;-;-;-
11952;14;-;-;-;-;-
11951;14;-;-;-;-;-
11950;14;-;-;-;-;-
11949;14;-;-;-;-;-
11948;14;-;-;-;-;-
11947;14;-;-;-;-;-
11946;14;-;-;-;-;-
11945;14;-;-;-;-;-
11944;14;-;-;-;-;-
11943;14;-;-;-;-;-
11942;14;-;-;-;-;-
11941;14;-;-;-;-;-
11940;14;-;-;-;-;-
11939;14;-;-;-;-;-
11938;14;-;-;-;-;-
11937;14;-;-;-;-;-
11936;14;-;-;-;-;-
11935;13;-;-;-;-;-
11934;13;-;-;-;-;-
11933;13;-;-;-;-;-
11932;13;-;-;-;-;-
11931;13;-;-;-;-;-
11930;13;-;-;-;-;-
11929;13;-;-;-;-;-
11928;13;-;-;-;-;-
11927;13;-;-;-;-;-
11926;13;-;-;-;-;-
11925;13;-;-;-;-;-
11924;13;-;-;-;-;-
11923;13;-;-;-;-;-
11922;13;-;-;-;-;-
11921;13;-;-;-;-;-
11920;13;-;-;-;-;-
11919;13;-;-;-;-;-
11918;13;-;-;-;-;-
11917;13;-;-;-;-;-
11916;13;-;-;-;-;-
11915;13;-;-;-;-;-
11914;13;-;-;-;-;-
11913;13;-;-;-;-;-
11912;13;-;-;-;-;-
11911;13;-;-;-;-;-
11910;13;-;-;-;-;-
11909;13;-;-;-;-;-
11908;13;-;-;-;-;-
11907;13;-;-;-;-;-
11906;13;-;-;-;-;-
11905;13;-;-;-;-;-
11904;13;-;-;-;-;-
11903;13;-;-;-;-;-
11902;13;-;-;-;-;-
11901;13;-;-;-;-;-
11900;13;-;-;-;-;-
11899;13;-;-;-;-;-
11898;13;-;-;-;-;-
11897;13;-;-;-;-;-
11896;13;-;-;-;-;-
11895;13;-;-;-;-;-
11894;13;-;-;-;-;-
11893;13;-;-;-;-;-
11892;13;-;-;-;-;-
11891;13;-;-;-;-;-
11890;13;-;-;-;-;-
11889;13;-;-;-;-;-
11888;13;-;-;-;-;-
11887;13;-;-;-;-;-
11886;13;-;-;-;-;-
11885;13;-;-;-;-;-
11884;13;-;-;-;-;-
11883;13;-;-;-;-;-
11882;13;-;-;-;-;-
11881;13;-;-;-;-;-
11880;13;-;-;-;-;-
11879;13;-;-;-;-;-
11878;13;-;-;-;-;-
11877;13;-;-;-;-;-
11876;13;-;-;-;-;-
11875;13;-;-;-;-;-
11874;13;-;-;-;-;-
11873;13;-;-;-;-;-
11872;13;-;-;-;-;-
11871;13;-;-;-;-;-
11870;13;-;-;-;-;-
11869;13;-;-;-;-;-
11868;13;-;-;-;-;-
11867;13;-;-;-;-;-
11866;13;-;-;-;-;-
11865;13;-;-;-;-;-
11864;13;-;-;-;-;-
11863;13;-;-;-;-;-
11862;13;-;-;-;-;-
11861;13;-;-;-;-;-
11860;13;-;-;-;-;-
11859;13;-;-;-;-;-
11858;13;-;-;-;-;-
11857;13;-;-;-;-;-
11856;13;-;-;-;-;-
11855;13;-;-;-;-;-
11854;13;-;-;-;-;-
11853;13;-;-;-;-;-
11852;13;-;-;-;-;-
11851;13;-;-;-;-;-
11850;13;-;-;-;-;-
11849;13;-;-;-;-;-
11848;13;-;-;-;-;-
11847;13;-;-;-;-;-
11846;13;-;-;-;-;-
11845;13;-;-;-;-;-
11844;13;-;-;-;-;-
11843;13;-;-;-;-;-
11842;13;-;-;-;-;-
11841;13;-;-;-;-;-
11840;13;-;-;-;-;-
11839;12;-;-;-;-;-
11838;12;-;-;-;-;-
11837;12;-;-;-;-;-
11836;12;-;-;-;-;-
11835;12;-;-;-;-;-
11834;12;-;-;-;-;-
11833;12;-;-;-;-;-
11832;12;-;-;-;-;-
11831;12;-;-;-;-;-
11830;12;-;-;-;-;-
11829;12;-;-;-;-;-
11828;12;-;-;-;-;-
11827;12;-;-;-;-;-
11826;12;-;-;-;-;-
11825;12;-;-;-;-;-
11824;12;-;-;-;-;-
11823;12;-;-;-;-;-
11822;12;-;-;-;-;-
11821;12;-;-;-;-;-
11820;12;-;-;-;-;-
11819;12;-;-;-;-;-
11818;12;-;-;-;-;-
11817;12;-;-;-;-;-
11816;12;-;-;-;-;-
11815;12;-;-;-;-;-
11814;12;-;-;-;-;-
11813;12;-;-;-;-;-
11812;12;-;-;-;-;-
11811;12;-;-;-;-;-
11810;12;-;-;-;-;-
11809;12;-;-;-;-;-
11808;12;-;-;-;-;-
11807;12;-;-;-;-;-
11806;12;-;-;-;-;-
11805;12;-;-;-;-;-
11804;12;-;-;-;-;-
11803;12;-;-;-;-;-
11802;12;-;-;-;-;-
11801;12;-;-;-;-;-
11800;12;-;-;-;-;-
11799;12;-;-;-;-;-
11798;12;-;-;-;-;-
11797;12;-;-;-;-;-
11796;12;-;-;-;-;-
11795;12;-;-;-;-;-
11794;12;-;-;-;-;-
11793;12;-;-;-;-;-
11792;12;-;-;-;-;-
11791;12;-;-;-;-;-
11790;12;-;-;-;-;-
11789;12;-;-;-;-;-
11788;12;-;-;-;-;-
11787;12;-;-;-;-;-
11786;12;-;-;-;-;-
11785;12;-;-;-;-;-
11784;12;-;-;-;-;-
11783;12;-;-;-;-;-
11782;12;-;-;-;-;-
11781;12;-;-;-;-;-
11780;12;-;-;-;-;-
11779;12;-;-;-;-;-
11778;12;-;-;-;-;-
11777;12;-;-;-;-;-
11776;12;-;-;-;-;-
11775;12;-;-;-;-;-
11774;12;-;-;-;-;-
11773;12;-;-;-;-;-
11772;12;-;-;-;-;-
11771;12;-;-;-;-;-
11770;12;-;-;-;-;-
11769;12;-;-;-;-;-
11768;12;-;-;-;-;-
11767;12;-;-;-;-;-
11766;12;-;-;-;-;-
11765;12;-;-;-;-;-
11764;12;-;-;-;-;-
11763;12;-;-;-;-;-
11762;12;-;-;-;-;-
11761;12;-;-;-;-;-
11760;12;-;-;-;-;-
11759;12;-;-;-;-;-
11758;12;-;-;-;-;-
11757;12;-;-;-;-;-
11756;12;-;-;-;-;-
11755;12;-;-;-;-;-
11754;12;-;-;-;-;-
11753;12;-;-;-;-;-
11752;12;-;-;-;-;-
11751;12;-;-;-;-;-
11750;12;-;-;-;-;-
11749;12;-;-;-;-;-
11748;12;-;-;-;-;-
11747;12;-;-;-;-;-
11746;12;-;-;-;-;-
11745;12;-;-;-;-;-
11744;12;-;-;-;-;-
11743;11;-;-;-;-;-
11742;11;-;-;-;-;-
11741;11;-;-;-;-;-
11740;11;-;-;-;-;-
11739;11;-;-;-;-;-
11738;11;-;-;-;-;-
11737;11;-;-;-;-;-
11736;11;-;-;-;-;-
11735;11;-;-;-;-;-
11734;11;-;-;-;-;-
11733;11;-;-;-;-;-
11732;11;-;-;-;-;-
11731;11;-;-;-;-;-
11730;11;-;-;-;-;-
11729;11;-;-;-;-;-
11728;11;-;-;-;-;-
11727;11;-;-;-;-;-
11726;11;-;-;-;-;-
11725;11;-;-;-;-;-
11724;11;-;-;-;-;-
11723;11;-;-;-;-;-
11722;11;-;-;-;-;-
11721;11;-;-;-;-;-
11720;11;-;-;-;-;-
11719;11;-;-;-;-;-
11718;11;-;-;-;-;-
11717;11;-;-;-;-;-
11716;11;-;-;-;-;-
11715;11;-;-;-;-;-
11714;11;-;-;-;-;-
11713;11;-;-;-;-;-
11712;11;-;-;-;-;-
11711;11;-;-;-;-;-
11710;11;-;-;-;-;-
11709;11;-;-;-;-;-
11708;11;-;-;-;-;-
11707;11;-;-;-;-;-
11706;11;-;-;-;-;-
11705;11;-;-;-;-;-
11704;11;-;-;-;-;-
11703;11;-;-;-;-;-
11702;11;-;-;-;-;-
11701;11;-;-;-;-;-
11700;11;-;-;-;-;-
11699;11;-;-;-;-;-
11698;11;-;-;-;-;-
11697;11;-;-;-;-;-
11696;11;-;-;-;-;-
11695;11;-;-;-;-;-
11694;11;-;-;-;-;-
11693;11;-;-;-;-;-
11692;11;-;-;-;-;-
11691;11;-;-;-;-;-
11690;11;-;-;-;-;-
11689;11;-;-;-;-;-
11688;11;-;-;-;-;-
11687;11;-;-;-;-;-
11686;11;-;-;-;-;-
11685;11;-;-;-;-;-
11684;11;-;-;-;-;-
11683;11;-;-;-;-;-
11682;11;-;-;-;-;-
11681;11;-;-;-;-;-
11680;11;-;-;-;-;-
11679;11;-;-;-;-;-
11678;11;-;-;-;-;-
11677;11;-;-;-;-;-
11676;11;-;-;-;-;-
11675;11;-;-;-;-;-
11674;11;-;-;-;-;-
11673;11;-;-;-;-;-
11672;11;-;-;-;-;-
11671;11;-;-;-;-;-
11670;11;-;-;-;-;-
11669;11;-;-;-;-;-
11668;11;-;-;-;-;-
11667;11;-;-;-;-;-
11666;11;-;-;-;-;-
11665;11;-;-;-;-;-
11664;11;-;-;-;-;-
11663;11;-;-;-;-;-
11662;11;-;-;-;-;-
11661;11;-;-;-;-;-
11660;11;-;-;-;-;-
11659;11;-;-;-;-;-
11658;11;-;-;-;-;-
11657;11;-;-;-;-;-
11656;11;-;-;-;-;-
11655;11;-;-;-;-;-
11654;11;-;-;-;-;-
11653;11;-;-;-;-;-
11652;11;-;-;-;-;-
11651;11;-;-;-;-;-
11650;11;-;-;-;-;-
11649;11;-;-;-;-;-
11648;11;-;-;-;-;-
11647;10;-;-;-;-;-
11646;10;-;-;-;-;-
11645;10;-;-;-;-;-
11644;10;-;-;-;-;-
11643;10;-;-;-;-;-
11642;10;-;-;-;-;-
11641;10;-;-;-;-;-
11640;10;-;-;-;-;-
11639;10;-;-;-;-;-
11638;10;-;-;-;-;-
11637;10;-;-;-;-;-
11636;10;-;-;-;-;-
11635;10;-;-;-;-;-
11634;10;-;-;-;-;-
11633;10;-;-;-;-;-
11632;10;-;-;-;-;-
11631;10;-;-;-;-;-
11630;10;-;-;-;-;-
11629;10;-;-;-;-;-
11628;10;-;-;-;-;-
11627;10;-;-;-;-;-
11626;10;-;-;-;-;-
11625;10;-;-;-;-;-
11624;10;-;-;-;-;-
11623;10;-;-;-;-;-
11622;10;-;-;-;-;-
11621;10;-;-;-;-;-
11620;10;-;-;-;-;-
11619;10;-;-;-;-;-
11618;10;-;-;-;-;-
11617;10;-;-;-;-;-
11616;10;-;-;-;-;-
11615;10;-;-;-;-;-
11614;10;-;-;-;-;-
11613;10;-;-;-;-;-
11612;10;-;-;-;-;-
11611;10;-;-;-;-;-
11610;10;-;-;-;-;-
11609;10;-;-;-;-;-
11608;10;-;-;-;-;-
11607;10;-;-;-;-;-
11606;10;-;-;-;-;-
11605;10;-;-;-;-;-
11604;10;-;-;-;-;-
11603;10;-;-;-;-;-
11602;10;-;-;-;-;-
11601;10;-;-;-;-;-
11600;10;-;-;-;-;-
11599;10;-;-;-;-;-
11598;10;-;-;-;-;-
11597;10;-;-;-;-;-
11596;10;-;-;-;-;-
11595;10;-;-;-;-;-
11594;10;-;-;-;-;-
11593;10;-;-;-;-;-
11592;10;-;-;-;-;-
11591;10;-;-;-;-;-
11590;10;-;-;-;-;-
11589;10;-;-;-;-;-
11588;10;-;-;-;-;-
11587;10;-;-;-;-;-
11586;10;-;-;-;-;-
11585;10;-;-;-;-;-
11584;10;-;-;-;-;-
11583;10;-;-;-;-;-
11582;10;-;-;-;-;-
11581;10;-;-;-;-;-
11580;10;-;-;-;-;-
11579;10;-;-;-;-;-
11578;10;-;-;-;-;-
11577;10;-;-;-;-;-
11576;10;-;-;-;-;-
11575;10;-;-;-;-;-
11574;10;-;-;-;-;-
11573;10;-;-;-;-;-
11572;10;-;-;-;-;-
11571;10;-;-;-;-;-
11570;10;-;-;-;-;-
11569;10;-;-;-;-;-
11568;10;-;-;-;-;-
11567;10;-;-;-;-;-
11566;10;-;-;-;-;-
11565;10;-;-;-;-;-
11564;10;-;-;-;-;-
11563;10;-;-;-;-;-
11562;10;-;-;-;-;-
11561;10;-;-;-;-;-
11560;10;-;-;-;-;-
11559;10;-;-;-;-;-
11558;10;-;-;-;-;-
11557;10;-;-;-;-;-
11556;10;-;-;-;-;-
11555;10;-;-;-;-;-
11554;10;-;-;-;-;-
11553;10;-;-;-;-;-
11552;10;-;-;-;-;-
11551;09;-;-;-;-;-
11550;09;-;-;-;-;-
11549;09;-;-;-;-;-
11548;09;-;-;-;-;-
11547;09;-;-;-;-;-
11546;09;-;-;-;-;-
11545;09;-;-;-;-;-
11544;09;-;-;-;-;-
11543;09;-;-;-;-;-
11542;09;-;-;-;-;-
11541;09;-;-;-;-;-
11540;09;-;-;-;-;-
11539;09;-;-;-;-;-
11538;09;-;-;-;-;-
11537;09;-;-;-;-;-
11536;09;-;-;-;-;-
11535;09;-;-;-;-;-
11534;09;-;-;-;-;-
11533;09;-;-;-;-;-
11532;09;-;-;-;-;-
11531;09;-;-;-;-;-
11530;09;-;-;-;-;-
11529;09;-;-;-;-;-
11528;09;-;-;-;-;-
11527;09;-;-;-;-;-
11526;09;-;-;-;-;-
11525;09;-;-;-;-;-
11524;09;-;-;-;-;-
11523;09;-;-;-;-;-
11522;09;-;-;-;-;-
11521;09;-;-;-;-;-
11520;09;-;-;-;-;-
11519;09;-;-;-;-;-
11518;09;-;-;-;-;-
11517;09;-;-;-;-;-
11516;09;-;-;-;-;-
11515;09;-;-;-;-;-
11514;09;-;-;-;-;-
11513;09;-;-;-;-;-
11512;09;-;-;-;-;-
11511;09;-;-;-;-;-
11510;09;-;-;-;-;-
11509;09;-;-;-;-;-
11508;09;-;-;-;-;-
11507;09;-;-;-;-;-
11506;09;-;-;-;-;-
11505;09;-;-;-;-;-
11504;09;-;-;-;-;-
11503;09;-;-;-;-;-
11502;09;-;-;-;-;-
11501;09;-;-;-;-;-
11500;09;-;-;-;-;-
11499;09;-;-;-;-;-
11498;09;-;-;-;-;-
11497;09;-;-;-;-;-
11496;09;-;-;-;-;-
11495;09;-;-;-;-;-
11494;09;-;-;-;-;-
11493;09;-;-;-;-;-
11492;09;-;-;-;-;-
11491;09;-;-;-;-;-
11490;09;-;-;-;-;-
11489;09;-;-;-;-;-
11488;09;-;-;-;-;-
11487;09;-;-;-;-;-
11486;09;-;-;-;-;-
11485;09;-;-;-;-;-
11484;09;-;-;-;-;-
11483;09;-;-;-;-;-
11482;09;-;-;-;-;-
11481;09;-;-;-;-;-
11480;09;-;-;-;-;-
11479;09;-;-;-;-;-
11478;09;-;-;-;-;-
11477;09;-;-;-;-;-
11476;09;-;-;-;-;-
11475;09;-;-;-;-;-
11474;09;-;-;-;-;-
11473;09;-;-;-;-;-
11472;09;-;-;-;-;-
11471;09;-;-;-;-;-
11470;09;-;-;-;-;-
11469;09;-;-;-;-;-
11468;09;-;-;-;-;-
11467;09;-;-;-;-;-
11466;09;-;-;-;-;-
11465;09;-;-;-;-;-
11464;09;-;-;-;-;-
11463;09;-;-;-;-;-
11462;09;-;-;-;-;-
11461;09;-;-;-;-;-
11460;09;-;-;-;-;-
11459;09;-;-;-;-;-
11458;09;-;-;-;-;-
11457;09;-;-;-;-;-
11456;09;-;-;-;-;-
11455;08;-;-;-;-;-
11454;08;-;-;-;-;-
11453;08;-;-;-;-;-
11452;08;-;-;-;-;-
11451;08;-;-;-;-;-
11450;08;-;-;-;-;-
11449;08;-;-;-;-;-
11448;08;-;-;-;-;-
11447;08;-;-;-;-;-
11446;08;-;-;-;-;-
11445;08;-;-;-;-;-
11444;08;-;-;-;-;-
11443;08;-;-;-;-;-
11442;08;-;-;-;-;-
11441;08;-;-;-;-;-
11440;08;-;-;-;-;-
11439;08;-;-;-;-;-
11438;08;-;-;-;-;-
11437;08;-;-;-;-;-
11436;08;-;-;-;-;-
11435;08;-;-;-;-;-
11434;08;-;-;-;-;-
11433;08;-;-;-;-;-
11432;08;-;-;-;-;-
11431;08;-;-;-;-;-
11430;08;-;-;-;-;-
11429;08;-;-;-;-;-
11428;08;-;-;-;-;-
11427;08;-;-;-;-;-
11426;08;-;-;-;-;-
11425;08;-;-;-;-;-
11424;08;-;-;-;-;-
11423;08;-;-;-;-;-
11422;08;-;-;-;-;-
11421;08;-;-;-;-;-
11420;08;-;-;-;-;-
11419;08;-;-;-;-;-
11418;08;-;-;-;-;-
11417;08;-;-;-;-;-
11416;08;-;-;-;-;-
11415;08;-;-;-;-;-
11414;08;-;-;-;-;-
11413;08;-;-;-;-;-
11412;08;-;-;-;-;-
11411;08;-;-;-;-;-
11410;08;-;-;-;-;-
11409;08;-;-;-;-;-
11408;08;-;-;-;-;-
11407;08;-;-;-;-;-
11406;08;-;-;-;-;-
11405;08;-;-;-;-;-
11404;08;-;-;-;-;-
11403;08;-;-;-;-;-
11402;08;-;-;-;-;-
11401;08;-;-;-;-;-
11400;08;-;-;-;-;-
11399;08;-;-;-;-;-
11398;08;-;-;-;-;-
11397;08;-;-;-;-;-
11396;08;-;-;-;-;-
11395;08;-;-;-;-;-
11394;08;-;-;-;-;-
11393;08;-;-;-;-;-
11392;08;-;-;-;-;-
11391;08;-;-;-;-;-
11390;08;-;-;-;-;-
11389;08;-;-;-;-;-
11388;08;-;-;-;-;-
11387;08;-;-;-;-;-
11386;08;-;-;-;-;-
11385;08;-;-;-;-;-
11384;08;-;-;-;-;-
11383;08;-;-;-;-;-
11382;08;-;-;-;-;-
11381;08;-;-;-;-;-
11380;08;-;-;-;-;-
11379;08;-;-;-;-;-
11378;08;-;-;-;-;-
11377;08;-;-;-;-;-
11376;08;-;-;-;-;-
11375;08;-;-;-;-;-
11374;08;-;-;-;-;-
11373;08;-;-;-;-;-
11372;08;-;-;-;-;-
11371;08;-;-;-;-;-
11370;08;-;-;-;-;-
11369;08;-;-;-;-;-
11368;08;-;-;-;-;-
11367;08;-;-;-;-;-
11366;08;-;-;-;-;-
11365;08;-;-;-;-;-
11364;08;-;-;-;-;-
11363;08;-;-;-;-;-
11362;08;-;-;-;-;-
11361;08;-;-;-;-;-
11360;08;-;-;-;-;-
11359;07;-;-;-;-;-
11358;07;-;-;-;-;-
11357;07;-;-;-;-;-
11356;07;-;-;-;-;-
11355;07;-;-;-;-;-
11354;07;-;-;-;-;-
11353;07;-;-;-;-;-
11352;07;-;-;-;-;-
11351;07;-;-;-;-;-
11350;07;-;-;-;-;-
11349;07;-;-;-;-;-
11348;07;-;-;-;-;-
11347;07;-;-;-;-;-
11346;07;-;-;-;-;-
11345;07;-;-;-;-;-
11344;07;-;-;-;-;-
11343;07;-;-;-;-;-
11342;07;-;-;-;-;-
11341;07;-;-;-;-;-
11340;07;-;-;-;-;-
11339;07;-;-;-;-;-
11338;07;-;-;-;-;-
11337;07;-;-;-;-;-
11336;07;-;-;-;-;-
11335;07;-;-;-;-;-
11334;07;-;-;-;-;-
11333;07;-;-;-;-;-
11332;07;-;-;-;-;-
11331;07;-;-;-;-;-
11330;07;-;-;-;-;-
11329;07;-;-;-;-;-
11328;07;-;-;-;-;-
11327;07;-;-;-;-;-
11326;07;-;-;-;-;-
11325;07;-;-;-;-;-
11324;07;-;-;-;-;-
11323;07;-;-;-;-;-
11322;07;-;-;-;-;-
11321;07;-;-;-;-;-
11320;07;-;-;-;-;-
11319;07;-;-;-;-;-
11318;07;-;-;-;-;-
11317;07;-;-;-;-;-
11316;07;-;-;-;-;-
11315;07;-;-;-;-;-
11314;07;-;-;-;-;-
11313;07;-;-;-;-;-
11312;07;-;-;-;-;-
11311;07;-;-;-;-;-
11310;07;-;-;-;-;-
11309;07;-;-;-;-;-
11308;07;-;-;-;-;-
11307;07;-;-;-;-;-
11306;07;-;-;-;-;-
11305;07;-;-;-;-;-
11304;07;-;-;-;-;-
11303;07;-;-;-;-;-
11302;07;-;-;-;-;-
11301;07;-;-;-;-;-
11300;07;-;-;-;-;-
11299;07;-;-;-;-;-
11298;07;-;-;-;-;-
11297;07;-;-;-;-;-
11296;07;-;-;-;-;-
11295;07;-;-;-;-;-
11294;07;-;-;-;-;-
11293;07;-;-;-;-;-
11292;07;-;-;-;-;-
11291;07;-;-;-;-;-
11290;07;-;-;-;-;-
11289;07;-;-;-;-;-
11288;07;-;-;-;-;-
11287;07;-;-;-;-;-
11286;07;-;-;-;-;-
11285;07;-;-;-;-;-
11284;07;-;-;-;-;-
11283;07;-;-;-;-;-
11282;07;-;-;-;-;-
11281;07;-;-;-;-;-
11280;07;-;-;-;-;-
11279;07;-;-;-;-;-
11278;07;-;-;-;-;-
11277;07;-;-;-;-;-
11276;07;-;-;-;-;-
11275;07;-;-;-;-;-
11274;07;-;-;-;-;-
11273;07;-;-;-;-;-
11272;07;-;-;-;-;-
11271;07;-;-;-;-;-
11270;07;-;-;-;-;-
11269;07;-;-;-;-;-
11268;07;-;-;-;-;-
11267;07;-;-;-;-;-
11266;07;-;-;-;-;-
11265;07;-;-;-;-;-
11264;07;-;-;-;-;-
11263;06;-;-;-;-;-
11262;06;-;-;-;-;-
11261;06;-;-;-;-;-
11260;06;-;-;-;-;-
11259;06;-;-;-;-;-
11258;06;-;-;-;-;-
11257;06;-;-;-;-;-
11256;06;-;-;-;-;-
11255;06;-;-;-;-;-
11254;06;-;-;-;-;-
11253;06;-;-;-;-;-
11252;06;-;-;-;-;-
11251;06;-;-;-;-;-
11250;06;-;-;-;-;-
11249;06;-;-;-;-;-
11248;06;-;-;-;-;-
11247;06;-;-;-;-;-
11246;06;-;-;-;-;-
11245;06;-;-;-;-;-
11244;06;-;-;-;-;-
11243;06;-;-;-;-;-
11242;06;-;-;-;-;-
11241;06;-;-;-;-;-
11240;06;-;-;-;-;-
11239;06;-;-;-;-;-
11238;06;-;-;-;-;-
11237;06;-;-;-;-;-
11236;06;-;-;-;-;-
11235;06;-;-;-;-;-
11234;06;-;-;-;-;-
11233;06;-;-;-;-;-
11232;06;-;-;-;-;-
11231;06;-;-;-;-;-
11230;06;-;-;-;-;-
11229;06;-;-;-;-;-
11228;06;-;-;-;-;-
11227;06;-;-;-;-;-
11226;06;-;-;-;-;-
11225;06;-;-;-;-;-
11224;06;-;-;-;-;-
11223;06;-;-;-;-;-
11222;06;-;-;-;-;-
11221;06;-;-;-;-;-
11220;06;-;-;-;-;-
11219;06;-;-;-;-;-
11218;06;-;-;-;-;-
11217;06;-;-;-;-;-
11216;06;-;-;-;-;-
11215;06;-;-;-;-;-
11214;06;-;-;-;-;-
11213;06;-;-;-;-;-
11212;06;-;-;-;-;-
11211;06;-;-;-;-;-
11210;06;-;-;-;-;-
11209;06;-;-;-;-;-
11208;06;-;-;-;-;-
11207;06;-;-;-;-;-
11206;06;-;-;-;-;-
11205;06;-;-;-;-;-
11204;06;-;-;-;-;-
11203;06;-;-;-;-;-
11202;06;-;-;-;-;-
11201;06;-;-;-;-;-
11200;06;-;-;-;-;-
11199;06;-;-;-;-;-
11198;06;-;-;-;-;-
11197;06;-;-;-;-;-
11196;06;-;-;-;-;-
11195;06;-;-;-;-;-
11194;06;-;-;-;-;-
11193;06;-;-;-;-;-
11192;06;-;-;-;-;-
11191;06;-;-;-;-;-
11190;06;-;-;-;-;-
11189;06;-;-;-;-;-
11188;06;-;-;-;-;-
11187;06;-;-;-;-;-
11186;06;-;-;-;-;-
11185;06;-;-;-;-;-
11184;06;-;-;-;-;-
11183;06;-;-;-;-;-
11182;06;-;-;-;-;-
11181;06;-;-;-;-;-
11180;06;-;-;-;-;-
11179;06;-;-;-;-;-
11178;06;-;-;-;-;-
11177;06;-;-;-;-;-
11176;06;-;-;-;-;-
11175;06;-;-;-;-;-
11174;06;-;-;-;-;-
11173;06;-;-;-;-;-
11172;06;-;-;-;-;-
11171;06;-;-;-;-;-
11170;06;-;-;-;-;-
11169;06;-;-;-;-;-
11168;06;-;-;-;-;-
11167;05;-;-;-;-;-
11166;05;-;-;-;-;-
11165;05;-;-;-;-;-
11164;05;-;-;-;-;-
11163;05;-;-;-;-;-
11162;05;-;-;-;-;-
11161;05;-;-;-;-;-
11160;05;-;-;-;-;-
11159;05;-;-;-;-;-
11158;05;-;-;-;-;-
11157;05;-;-;-;-;-
11156;05;-;-;-;-;-
11155;05;-;-;-;-;-
11154;05;-;-;-;-;-
11153;05;-;-;-;-;-
11152;05;-;-;-;-;-
11151;05;-;-;-;-;-
11150;05;-;-;-;-;-
11149;05;-;-;-;-;-
11148;05;-;-;-;-;-
11147;05;-;-;-;-;-
11146;05;-;-;-;-;-
11145;05;-;-;-;-;-
11144;05;-;-;-;-;-
11143;05;-;-;-;-;-
11142;05;-;-;-;-;-
11141;05;-;-;-;-;-
11140;05;-;-;-;-;-
11139;05;-;-;-;-;-
11138;05;-;-;-;-;-
11137;05;-;-;-;-;-
11136;05;-;-;-;-;-
11135;05;-;-;-;-;-
11134;05;-;-;-;-;-
11133;05;-;-;-;-;-
11132;05;-;-;-;-;-
11131;05;-;-;-;-;-
11130;05;-;-;-;-;-
11129;05;-;-;-;-;-
11128;05;-;-;-;-;-
11127;05;-;-;-;-;-
11126;05;-;-;-;-;-
11125;05;-;-;-;-;-
11124;05;-;-;-;-;-
11123;05;-;-;-;-;-
11122;05;-;-;-;-;-
11121;05;-;-;-;-;-
11120;05;-;-;-;-;-
11119;05;-;-;-;-;-
11118;05;-;-;-;-;-
11117;05;-;-;-;-;-
11116;05;-;-;-;-;-
11115;05;-;-;-;-;-
11114;05;-;-;-;-;-
11113;05;-;-;-;-;-
11112;05;-;-;-;-;-
11111;05;-;-;-;-;-
11110;05;-;-;-;-;-
11109;05;-;-;-;-;-
11108;05;-;-;-;-;-
11107;05;-;-;-;-;-
11106;05;-;-;-;-;-
11105;05;-;-;-;-;-
11104;05;-;-;-;-;-
11103;05;-;-;-;-;-
11102;05;-;-;-;-;-
11101;05;-;-;-;-;-
11100;05;-;-;-;-;-
11099;05;-;-;-;-;-
11098;05;-;-;-;-;-
11097;05;-;-;-;-;-
11096;05;-;-;-;-;-
11095;05;-;-;-;-;-
11094;05;-;-;-;-;-
11093;05;-;-;-;-;-
11092;05;-;-;-;-;-
11091;05;-;-;-;-;-
11090;05;-;-;-;-;-
11089;05;-;-;-;-;-
11088;05;-;-;-;-;-
11087;05;-;-;-;-;-
11086;05;-;-;-;-;-
11085;05;-;-;-;-;-
11084;05;-;-;-;-;-
11083;05;-;-;-;-;-
11082;05;-;-;-;-;-
11081;05;-;-;-;-;-
11080;05;-;-;-;-;-
11079;05;-;-;-;-;-
11078;05;-;-;-;-;-
11077;05;-;-;-;-;-
11076;05;-;-;-;-;-
11075;05;-;-;-;-;-
11074;05;-;-;-;-;-
11073;05;-;-;-;-;-
11072;05;-;-;-;-;-
11071;04;-;-;-;-;-
11070;04;-;-;-;-;-
11069;04;-;-;-;-;-
11068;04;-;-;-;-;-
11067;04;-;-;-;-;-
11066;04;-;-;-;-;-
11065;04;-;-;-;-;-
11064;04;-;-;-;-;-
11063;04;-;-;-;-;-
11062;04;-;-;-;-;-
11061;04;-;-;-;-;-
11060;04;-;-;-;-;-
11059;04;-;-;-;-;-
11058;04;-;-;-;-;-
11057;04;-;-;-;-;-
11056;04;-;-;-;-;-
11055;04;-;-;-;-;-
11054;04;-;-;-;-;-
11053;04;-;-;-;-;-
11052;04;-;-;-;-;-
11051;04;-;-;-;-;-
11050;04;-;-;-;-;-
11049;04;-;-;-;-;-
11048;04;-;-;-;-;-
11047;04;-;-;-;-;-
11046;04;-;-;-;-;-
11045;04;-;-;-;-;-
11044;04;-;-;-;-;-
11043;04;-;-;-;-;-
11042;04;-;-;-;-;-
11041;04;-;-;-;-;-
11040;04;-;-;-;-;-
11039;04;-;-;-;-;-
11038;04;-;-;-;-;-
11037;04;-;-;-;-;-
11036;04;-;-;-;-;-
11035;04;-;-;-;-;-
11034;04;-;-;-;-;-
11033;04;-;-;-;-;-
11032;04;-;-;-;-;-
11031;04;-;-;-;-;-
11030;04;-;-;-;-;-
11029;04;-;-;-;-;-
11028;04;-;-;-;-;-
11027;04;-;-;-;-;-
11026;04;-;-;-;-;-
11025;04;-;-;-;-;-
11024;04;-;-;-;-;-
11023;04;-;-;-;-;-
11022;04;-;-;-;-;-
11021;04;-;-;-;-;-
11020;04;-;-;-;-;-
11019;04;-;-;-;-;-
11018;04;-;-;-;-;-
11017;04;-;-;-;-;-
11016;04;-;-;-;-;-
11015;04;-;-;-;-;-
11014;04;-;-;-;-;-
11013;04;-;-;-;-;-
11012;04;-;-;-;-;-
11011;04;-;-;-;-;-
11010;04;-;-;-;-;-
11009;04;-;-;-;-;-
11008;04;-;-;-;-;-
11007;04;-;-;-;-;-
11006;04;-;-;-;-;-
11005;04;-;-;-;-;-
11004;04;-;-;-;-;-
11003;04;-;-;-;-;-
11002;04;-;-;-;-;-
11001;04;-;-;-;-;-
11000;04;-;-;-;-;-
10999;04;-;-;-;-;-
10998;04;-;-;-;-;-
10997;04;-;-;-;-;-
10996;04;-;-;-;-;-
10995;04;-;-;-;-;-
10994;04;-;-;-;-;-
10993;04;-;-;-;-;-
10992;04;-;-;-;-;-
10991;04;-;-;-;-;-
10990;04;-;-;-;-;-
10989;04;-;-;-;-;-
10988;04;-;-;-;-;-
10987;04;-;-;-;-;-
10986;04;-;-;-;-;-
10985;04;-;-;-;-;-
10984;04;-;-;-;-;-
10983;04;-;-;-;-;-
10982;04;-;-;-;-;-
10981;04;-;-;-;-;-
10980;04;-;-;-;-;-
10979;04;-;-;-;-;-
10978;04;-;-;-;-;-
10977;04;-;-;-;-;-
10976;04;-;-;-;-;-
10975;03;-;-;-;-;-
10974;03;-;-;-;-;-
10973;03;-;-;-;-;-
10972;03;-;-;-;-;-
10971;03;-;-;-;-;-
10970;03;-;-;-;-;-
10969;03;-;-;-;-;-
10968;03;-;-;-;-;-
10967;03;-;-;-;-;-
10966;03;-;-;-;-;-
10965;03;-;-;-;-;-
10964;03;-;-;-;-;-
10963;03;-;-;-;-;-
10962;03;-;-;-;-;-
10961;03;-;-;-;-;-
10960;03;-;-;-;-;-
10959;03;-;-;-;-;-
10958;03;-;-;-;-;-
10957;03;-;-;-;-;-
10956;03;-;-;-;-;-
10955;03;-;-;-;-;-
10954;03;-;-;-;-;-
10953;03;-;-;-;-;-
10952;03;-;-;-;-;-
10951;03;-;-;-;-;-
10950;03;-;-;-;-;-
10949;03;-;-;-;-;-
10948;03;-;-;-;-;-
10947;03;-;-;-;-;-
10946;03;-;-;-;-;-
10945;03;-;-;-;-;-
10944;03;-;-;-;-;-
10943;03;-;-;-;-;-
10942;03;-;-;-;-;-
10941;03;-;-;-;-;-
10940;03;-;-;-;-;-
10939;03;-;-;-;-;-
10938;03;-;-;-;-;-
10937;03;-;-;-;-;-
10936;03;-;-;-;-;-
10935;03;-;-;-;-;-
10934;03;-;-;-;-;-
10933;03;-;-;-;-;-
10932;03;-;-;-;-;-
10931;03;-;-;-;-;-
10930;03;-;-;-;-;-
10929;03;-;-;-;-;-
10928;03;-;-;-;-;-
10927;03;-;-;-;-;-
10926;03;-;-;-;-;-
10925;03;-;-;-;-;-
10924;03;-;-;-;-;-
10923;03;-;-;-;-;-
10922;03;-;-;-;-;-
10921;03;-;-;-;-;-
10920;03;-;-;-;-;-
10919;03;-;-;-;-;-
10918;03;-;-;-;-;-
10917;03;-;-;-;-;-
10916;03;-;-;-;-;-
10915;03;-;-;-;-;-
10914;03;-;-;-;-;-
10913;03;-;-;-;-;-
10912;03;-;-;-;-;-
10911;03;-;-;-;-;-
10910;03;-;-;-;-;-
10909;03;-;-;-;-;-
10908;03;-;-;-;-;-
10907;03;-;-;-;-;-
10906;03;-;-;-;-;-
10905;03;-;-;-;-;-
10904;03;-;-;-;-;-
10903;03;-;-;-;-;-
10902;03;-;-;-;-;-
10901;03;-;-;-;-;-
10900;03;-;-;-;-;-
10899;03;-;-;-;-;-
10898;03;-;-;-;-;-
10897;03;-;-;-;-;-
10896;03;-;-;-;-;-
10895;03;-;-;-;-;-
10894;03;-;-;-;-;-
10893;03;-;-;-;-;-
10892;03;-;-;-;-;-
10891;03;-;-;-;-;-
10890;03;-;-;-;-;-
10889;03;-;-;-;-;-
10888;03;-;-;-;-;-
10887;03;-;-;-;-;-
10886;03;-;-;-;-;-
10885;03;-;-;-;-;-
10884;03;-;-;-;-;-
10883;03;-;-;-;-;-
10882;03;-;-;-;-;-
10881;03;-;-;-;-;-
10880;03;-;-;-;-;-
10879;02;-;-;-;-;-
10878;02;-;-;-;-;-
10877;02;-;-;-;-;-
10876;02;-;-;-;-;-
10875;02;-;-;-;-;-
10874;02;-;-;-;-;-
10873;02;-;-;-;-;-
10872;02;-;-;-;-;-
10871;02;-;-;-;-;-
10870;02;-;-;-;-;-
10869;02;-;-;-;-;-
10868;02;-;-;-;-;-
10867;02;-;-;-;-;-
10866;02;-;-;-;-;-
10865;02;-;-;-;-;-
10864;02;-;-;-;-;-
10863;02;-;-;-;-;-
10862;02;-;-;-;-;-
10861;02;-;-;-;-;-
10860;02;-;-;-;-;-
10859;02;-;-;-;-;-
10858;02;-;-;-;-;-
10857;02;-;-;-;-;-
10856;02;-;-;-;-;-
10855;02;-;-;-;-;-
10854;02;-;-;-;-;-
10853;02;-;-;-;-;-
10852;02;-;-;-;-;-
10851;02;-;-;-;-;-
10850;02;-;-;-;-;-
10849;02;-;-;-;-;-
10848;02;-;-;-;-;-
10847;02;-;-;-;-;-
10846;02;-;-;-;-;-
10845;02;-;-;-;-;-
10844;02;-;-;-;-;-
10843;02;-;-;-;-;-
10842;02;-;-;-;-;-
10841;02;-;-;-;-;-
10840;02;-;-;-;-;-
10839;02;-;-;-;-;-
10838;02;-;-;-;-;-
10837;02;-;-;-;-;-
10836;02;-;-;-;-;-
10835;02;-;-;-;-;-
10834;02;-;-;-;-;-
10833;02;-;-;-;-;-
10832;02;-;-;-;-;-
10831;02;-;-;-;-;-
10830;02;-;-;-;-;-
10829;02;-;-;-;-;-
10828;02;-;-;-;-;-
10827;02;-;-;-;-;-
10826;02;-;-;-;-;-
10825;02;-;-;-;-;-
10824;02;-;-;-;-;-
10823;02;-;-;-;-;-
10822;02;-;-;-;-;-
10821;02;-;-;-;-;-
10820;02;-;-;-;-;-
10819;02;-;-;-;-;-
10818;02;-;-;-;-;-
10817;02;-;-;-;-;-
10816;02;-;-;-;-;-
10815;02;-;-;-;-;-
10814;02;-;-;-;-;-
10813;02;-;-;-;-;-
10812;02;-;-;-;-;-
10811;02;-;-;-;-;-
10810;02;-;-;-;-;-
10809;02;-;-;-;-;-
10808;02;-;-;-;-;-
10807;02;-;-;-;-;-
10806;02;-;-;-;-;-
10805;02;-;-;-;-;-
10804;02;-;-;-;-;-
10803;02;-;-;-;-;-
10802;02;-;-;-;-;-
10801;02;-;-;-;-;-
10800;02;-;-;-;-;-
10799;02;-;-;-;-;-
10798;02;-;-;-;-;-
10797;02;-;-;-;-;-
10796;02;-;-;-;-;-
10795;02;-;-;-;-;-
10794;02;-;-;-;-;-
10793;02;-;-;-;-;-
10792;02;-;-;-;-;-
10791;02;-;-;-;-;-
10790;02;-;-;-;-;-
10789;02;-;-;-;-;-
10788;02;-;-;-;-;-
10787;02;-;-;-;-;-
10786;02;-;-;-;-;-
10785;02;-;-;-;-;-
10784;02;-;-;-;-;-
10783;01;-;-;-;-;-
10782;01;-;-;-;-;-
10781;01;-;-;-;-;-
10780;01;-;-;-;-;-
10779;01;-;-;-;-;-
10778;01;-;-;-;-;-
10777;01;-;-;-;-;-
10776;01;-;-;-;-;-
10775;01;-;-;-;-;-
10774;01;-;-;-;-;-
10773;01;-;-;-;-;-
10772;01;-;-;-;-;-
10771;01;-;-;-;-;-
10770;01;-;-;-;-;-
10769;01;-;-;-;-;-
10768;01;-;-;-;-;-
10767;01;-;-;-;-;-
10766;01;-;-;-;-;-
10765;01;-;-;-;-;-
10764;01;-;-;-;-;-
10763;01;-;-;-;-;-
10762;01;-;-;-;-;-
10761;01;-;-;-;-;-
10760;01;-;-;-;-;-
10759;01;-;-;-;-;-
10758;01;-;-;-;-;-
10757;01;-;-;-;-;-
10756;01;-;-;-;-;-
10755;01;-;-;-;-;-
10754;01;-;-;-;-;-
10753;01;-;-;-;-;-
10752;01;-;-;-;-;-
10751;01;-;-;-;-;-
10750;01;-;-;-;-;-
10749;01;-;-;-;-;-
10748;01;-;-;-;-;-
10747;01;-;-;-;-;-
10746;01;-;-;-;-;-
10745;01;-;-;-;-;-
10744;01;-;-;-;-;-
10743;01;-;-;-;-;-
10742;01;-;-;-;-;-
10741;01;-;-;-;-;-
10740;01;-;-;-;-;-
10739;01;-;-;-;-;-
10738;01;-;-;-;-;-
10737;01;-;-;-;-;-
10736;01;-;-;-;-;-
10735;01;-;-;-;-;-
10734;01;-;-;-;-;-
10733;01;-;-;-;-;-
10732;01;-;-;-;-;-
10731;01;-;-;-;-;-
10730;01;-;-;-;-;-
10729;01;-;-;-;-;-
10728;01;-;-;-;-;-
10727;01;-;-;-;-;-
10726;01;-;-;-;-;-
10725;01;-;-;-;-;-
10724;01;-;-;-;-;-
10723;01;-;-;-;-;-
10722;01;-;-;-;-;-
10721;01;-;-;-;-;-
10720;01;-;-;-;-;-
10719;01;-;-;-;-;-
10718;01;-;-;-;-;-
10717;01;-;-;-;-;-
10716;01;-;-;-;-;-
10715;01;-;-;-;-;-
10714;01;-;-;-;-;-
10713;01;-;-;-;-;-
10712;01;-;-;-;-;-
10711;01;-;-;-;-;-
10710;01;-;-;-;-;-
10709;01;-;-;-;-;-
10708;01;-;-;-;-;-
10707;01;-;-;-;-;-
10706;01;-;-;-;-;-
10705;01;-;-;-;-;-
10704;01;-;-;-;-;-
10703;01;-;-;-;-;-
10702;01;-;-;-;-;-
10701;01;-;-;-;-;-
10700;01;-;-;-;-;-
10699;01;-;-;-;-;-
10698;01;-;-;-;-;-
10697;01;-;-;-;-;-
10696;01;-;-;-;-;-
10695;01;-;-;-;-;-
10694;01;-;-;-;-;-
10693;01;-;-;-;-;-
10692;01;-;-;-;-;-
10691;01;-;-;-;-;-
10690;01;-;-;-;-;-
10689;01;-;-;-;-;-
10688;01;-;-;-;-;-
